Id,Code,City Name,City Abbr,Longitude,Latitude.City PinYin
1252,A,安平,AP,115.519627,38.233511,anping
608,A,安新,AX,115.935638,38.935349,anxin
1216,A,安国,AG,115.33141,38.421367,anguo
1321,A,安泽,AZ,112.251372,36.146032,anze
1398,A,阿尔山,AES,119.943656,47.177,aershan
1405,A,阿巴嘎旗,ABGQ,114.970618,44.022728,abagaqi
1415,A,阿拉善盟,ALSM,105.706422,38.844814,alashanmeng
1416,A,阿拉善左旗,ALSZQ,105.705529,38.844842,alashanzuoqi
1417,A,阿拉善右旗,ALSYQ,101.671984,39.21159,alashanyouqi
1169,A,阿荣旗,ARQ,123.464615,48.130503,arongqi
1350,A,阿鲁科尔沁旗,ALKEQQ,120.094969,43.87877,alukeerqinqi
1358,A,敖汉旗,AHQ,119.906486,42.287012,aohanqi
96,A,鞍山,AS,122.994598,41.107769,anshan
1463,A,安图,AT,128.901865,43.110994,antu
1510,A,安达,AD,125.329926,46.410614,anda
1105,A,安吉,AJ,119.68219,30.638241,anji
70,A,安庆,AQ,117.063538,30.54294,anqing
499,A,安溪,AX,118.186852,25.055441,anxi
1573,A,安义,AY,115.553109,28.841334,anyi
1589,A,安远,AY,115.392328,25.134591,anyuan
1600,A,安福,AF,114.61384,27.382746,anfu
963,A,安丘,AQ,119.217842,36.47842,anqiu
261,A,安阳,AY,114.393097,36.09771,anyang
1648,A,安阳,AY,114.130207,36.130585,anyang
729,A,安陆,AL,113.689133,31.255541,anlu
770,A,安化,AH,111.213028,28.374281,anhua
796,A,安乡,AX,112.170959,29.411421,anxiang
801,A,安仁,AR,113.269478,26.709419,anren
1032,A,安岳,AY,105.335373,30.09733,anyue
1905,A,阿坝藏族羌族自治州,ABZZQZZZZ,102.221374,31.899792,abazangzuqiangzuzizhizhou
1916,A,阿坝,AB,101.700985,32.904223,aba
273,A,安顺,AS,105.946198,26.25367,anshun
1993,A,安龙,AL,105.469066,25.106426,anlong
257,A,安宁,AN,102.477997,24.91954,anning
2139,A,昂仁,AR,87.23578,29.294758,angren
2181,A,安多,AD,91.681879,32.260299,anduo
2188,A,阿里地区,ALDQ,81.1454,30.40051,alidiqu
272,A,安康,AK,109.02932,32.68486,ankang
2241,A,安塞,AS,109.325341,36.86441,ansai
2313,A,阿克塞哈萨克族自治县,AKSHSKZZZX,94.337642,39.631642,akesaihasakezuzizhixian
327,A,阿拉尔,ALE,81.28067,40.547981,alaer
2434,A,阿拉山口,ALSK,82.567941,45.170047,alashankou
2446,A,阿克苏地区,AKSDQ,80.265068,41.170712,akesudiqu
1057,A,阿克苏,AKS,80.26338,41.16763,akesu
2452,A,阿瓦提,AWT,80.378426,40.638422,awati
2455,A,阿图什,ATS,76.173939,39.712898,atushi
2456,A,阿克陶,AKT,75.945159,39.147079,aketao
2457,A,阿合奇,AHQ,78.450164,40.937567,aheqi
2498,A,阿勒泰地区,ALTDQ,88.13963,47.848393,aletaidiqu
2499,A,阿勒泰,ALT,88.138743,47.848911,aletai
216,A,澳门,AM,113.54303,22.186834,aomen
1179,C,昌黎,CL,119.164541,39.709729,changli
1228,C,赤城,CC,115.832708,40.912081,chicheng
592,C,磁县,CX,114.373917,36.373959,cixian
1183,C,成安,CA,114.691844,36.442998,chengan
172,C,承德,CD,117.963402,40.9515,chengde
1230,C,承德,CD,118.172496,40.768637,chengde
175,C,沧州,CZ,116.838692,38.304409,cangzhou
1238,C,沧县,CX,116.991316,38.170161,cangxian
237,C,长治,CZ,113.116493,36.195808,changzhi
1272,C,长治,CZ,113.056679,36.052438,changzhi
1392,C,察哈尔右翼前旗,CHEYYQQ,113.211958,40.786859,chahaeryouyiqianqi
1393,C,察哈尔右翼中旗,CHEYYZQ,112.633563,41.274212,chahaeryouyizhongqi
1394,C,察哈尔右翼后旗,CHEYYHQ,113.1906,41.447213,chahaeryouyihouqi
1375,C,陈巴尔虎旗,CBEHQ,119.437609,49.328422,chenbaerhuqi
337,C,赤峰,CF,118.888939,42.258598,chifeng
1421,C,长海,CH,122.587824,39.272399,changhai
911,C,昌图,CT,124.110924,42.786129,changtu
360,C,朝阳,CY,120.450798,41.573471,chaoyang
1440,C,朝阳,CY,120.404217,41.526342,chaoyang
812,C,长岭,CL,123.9673,44.275909,changling
12,C,长春,CC,125.32357,43.816021,changchun
1453,C,长白朝鲜族自治县,CZBCXZZZX,128.203384,41.419361,changbaichaoxianzuzizhixian
1010,C,崇明,CM,121.397301,31.6229,chongming
355,C,常熟,CS,120.752373,31.65382,changshu
59,C,常州,CZ,119.973648,31.81072,changzhou
1080,C,苍南,CN,120.426308,27.517429,cangnan
1096,C,长兴,CX,119.91011,31.02663,changxing
1168,C,常山,CS,118.521654,28.900039,changshan
1075,C,慈溪,CX,121.266472,30.16964,cixi
1118,C,淳安,CA,119.041878,29.608521,chunan
482,C,长丰,CF,117.167664,32.477959,changfeng
238,C,巢湖,CH,117.889374,31.623289,chaohu
83,C,滁州,CZ,118.316833,32.301811,chuzhou
246,C,池州,CZ,117.491417,30.66469,chizhou
1158,C,长泰,CT,117.759483,24.625799,changtai
514,C,长汀,CT,116.357651,25.833481,changting
1576,C,柴桑,CS,115.892977,29.610264,chaisang
1588,C,崇义,CY,114.307348,25.687911,chongyi
1611,C,崇仁,CR,116.059109,27.760907,chongren
959,C,昌邑,CY,119.398621,36.858841,changyi
962,C,昌乐,CL,118.829842,36.70702,changle
1629,C,长岛,CD,120.738345,37.916194,changdao
979,C,茌平,CP,116.255219,36.580681,chiping
931,C,曹县,CX,115.542137,34.825531,caoxian
982,C,成武,CW,115.889641,34.95245,chengwu
636,C,长垣,CY,114.668861,35.200489,changyuan
641,C,长葛,CG,113.768272,34.216721,changge
1682,C,长阳土家族自治县,CYTJZZZX,111.198475,30.466534,changyangtujiazuzizhixian
740,C,赤壁,CB,113.900543,29.72476,chibi
749,C,崇阳,CY,114.038918,29.55537,chongyang
21,C,长沙,CS,112.938858,28.227779,changsha
1699,C,长沙,CS,113.080098,28.237888,changsha
797,C,慈利,CL,111.139214,29.429701,cili
758,C,常宁,CN,112.399918,26.420931,changning
120,C,常德,CD,111.69854,29.03158,changde
760,C,茶陵,CL,113.539268,26.777451,chaling
1721,C,辰溪,CX,110.196953,28.005474,chenxi
1708,C,城步苗族自治县,CBMZZZX,110.312455,26.357347,chengbumiaozuzizhixian
178,C,郴州,CZ,113.014847,25.77063,chenzhou
235,C,潮州,CZ,116.622963,23.6567,chaozhou
289,C,崇左,CZ,107.364853,22.37895,chongzuo
1792,C,岑溪,CX,110.998114,22.918406,cenxi
1789,C,苍梧,CW,111.246035,23.40996,cangwu
1846,C,昌江黎族自治县,CJLZZZX,109.053351,19.260968,changjianglizuzizhixian
582,C,澄迈,CM,110.004868,19.738489,chengmai
44,C,重庆,CQ,106.550728,29.564711,chongqing
1850,C,城口,CK,108.6649,31.946293,chengkou
1870,C,苍溪,CX,105.939706,31.732251,cangxi
1886,C,长宁,CN,104.921116,28.577271,changning
14,C,成都,CD,104.064758,30.5702,chengdu
1037,C,崇州,CZ,103.67289,30.630211,chongzhou
1970,C,赤水,CS,105.698116,28.587057,chishui
2018,C,长顺,CS,106.447376,26.022116,changshun
1999,C,岑巩,CG,108.816459,27.173244,cengong
2006,C,从江,CJ,108.912648,25.747058,congjiang
1992,C,册亨,CH,105.81241,24.983338,ceheng
2040,C,昌宁,CN,99.612344,24.823662,changning
2070,C,沧源佤族自治县,CYWZZZX,99.2474,23.146887,cangyuanwazuzizhixian
2071,C,楚雄彝族自治州,CXYZZZZ,101.546046,25.041988,chuxiongyizuzizhizhou
279,C,楚雄,CX,101.545822,25.032881,chuxiong
2031,C,澄江,CJ,102.916652,24.669679,chengjiang
2151,C,昌都,CD,97.178452,31.136875,changdu
2157,C,察雅,CY,97.565701,30.653038,chaya
2170,C,措美,CM,91.432347,28.437353,cuomei
2174,C,错那,CN,91.960132,27.991707,cuona
2195,C,措勤,CQ,85.159254,31.016774,cuoqin
2202,C,察隅,CY,97.465002,28.660244,chayu
2251,C,城固,CG,107.329887,33.153098,chenggu
2232,C,澄城,CC,109.937609,35.184,chengcheng
2223,C,长武,CW,107.795835,35.206122,changwu
2225,C,淳化,CH,108.581173,34.79797,chunhua
2306,C,崇信,CX,107.031253,35.304533,chongxin
2331,C,成县,CX,105.734434,33.739863,chengxian
2391,C,称多,CD,97.110893,33.367884,chengduo
2425,C,昌吉回族自治州,CJHZZZZ,87.304012,44.014577,changjihuizuzizhizhou
267,C,昌吉,CJ,87.267487,44.01437,changji
2477,C,策勒,CL,80.803572,37.001672,cele
2483,C,察布查尔锡伯自治县,CBCEXBZZX,81.150874,43.838883,chabuchaerxibozizhixian
3,B,北京,BJ,116.407173,39.90469,beijing
596,B,霸州,BZ,116.391342,39.12709,bazhou
95,B,保定,BD,115.464592,38.873959,baoding
1214,B,博野,BY,115.461798,38.458271,boye
367,B,泊头,BT,116.578278,38.083641,botou
1193,B,柏乡,BX,114.693382,37.483596,baixiang
1315,B,保德,BD,111.085688,39.022576,baode
68,B,包头,BT,109.84021,40.65781,baotou
914,B,巴彦淖尔,BYNE,107.387733,40.743172,bayannaoer
1351,B,巴林左旗,BLZQ,119.391737,43.980715,balinzuoqi
1352,B,巴林右旗,BLYQ,118.678347,43.528963,balinyouqi
336,B,本溪,BX,123.766861,41.294128,benxi
1427,B,本溪满族自治县,BXMZZZX,124.126156,41.300344,benximanzuzizhixian
1432,B,北镇,BZ,121.795962,41.598764,beizhen
1443,B,北票,BP,120.766951,41.803286,beipiao
397,B,白山,BS,126.424431,41.9408,baishan
223,B,白城,BC,122.838707,45.619598,baicheng
705,B,北安,BA,126.491081,48.241459,beian
1476,B,拜泉,BQ,126.091911,47.607363,baiquan
1496,B,勃利,BL,130.575025,45.751573,boli
1484,B,宝清,BQ,132.206415,46.328781,baoqing
1157,B,宾县,BX,127.485863,45.75864,binxian
1466,B,巴彦,BY,127.403602,46.081889,bayan
856,B,宝应,BY,119.358414,33.241421,baoying
839,B,滨海,BH,119.820641,33.98975,binhai
313,B,亳州,BZ,115.779312,33.844608,bozhou
75,B,蚌埠,BB,117.38932,32.915482,bengbu
134,B,滨州,BZ,117.972794,37.382111,binzhou
970,B,博兴,BX,118.110962,37.152988,boxing
690,B,宝丰,BF,113.054787,33.868401,baofeng
684,B,博爱,BA,113.064529,35.17123,boai
652,B,泌阳,BY,113.327087,32.724098,biyang
1693,B,巴东,BD,110.336665,31.041403,badong
1684,B,保康,BK,111.262235,31.873507,baokang
1732,B,保靖,BJ,109.651445,28.709605,baojing
534,B,博罗,BL,114.289726,23.173149,boluo
290,B,北海,BH,109.120079,21.481119,beihai
1770,B,宾阳,BY,108.816735,23.216884,binyang
1824,B,巴马瑶族自治县,BMYZZZX,107.253126,24.139538,bamayaozuzizhixian
156,B,百色,BS,106.618378,23.902161,baise
1801,B,博白,BB,109.980004,22.271285,bobai
566,B,北流,BL,110.354263,22.70837,beiliu
1845,B,白沙黎族自治县,BSLZZZX,109.122688,19.360565,baishalizuzizhixian
1848,B,保亭黎族苗族自治县,BTLZMZZZX,109.70245,18.636371,baotinglizumiaozuzizhixian
317,B,巴中,BZ,106.74733,31.867149,bazhong
1865,B,北川羌族自治县,BCQZZZX,104.461616,31.831505,beichuanqiangzuzizhixian
1930,B,白玉,BY,98.824343,31.208805,baiyu
1934,B,巴塘,BT,99.109037,30.005723,batang
1946,B,布拖,BT,102.808801,27.709062,butuo
1901,B,宝兴,BX,102.813377,30.369026,baoxing
136,B,毕节,BJ,105.305038,27.29847,bijie
264,B,保山,BS,99.161812,25.112049,baoshan
2102,B,宾川,BC,100.5848,25.82916,binchuan
2141,B,白朗,BL,89.263618,29.106627,bailang
2158,B,八宿,BS,96.917893,30.053408,basu
2162,B,边坝,BB,94.707504,30.933849,bianba
2179,B,比如,BR,93.68044,31.479917,biru
2184,B,班戈,BG,90.011822,31.394578,bange
2185,B,巴青,BQ,94.054049,31.918691,baqing
2201,B,波密,BM,95.768151,29.858771,bomi
2276,B,白河,BH,110.114186,32.809484,baihe
2234,B,白水,BS,109.594309,35.177291,baishui
2222,B,彬县,BX,108.083674,35.034233,binxian
244,B,宝鸡,BJ,107.23732,34.361938,baoji
522,B,白银,BY,104.137733,36.544701,baiyin
2383,B,班玛,BM,100.737955,32.931589,banma
5894,B,北屯,BT,87.824932,47.353177,beitun
2423,B,巴里坤哈萨克自治县,BLKHSKZZX,93.021795,43.599032,balikunhasakezizhixian
2432,B,博尔塔拉蒙古自治州,BETLMGZZZ,82.074778,44.903258,boertalamengguzizhizhou
2433,B,博乐,BL,82.072237,44.903087,bole
2437,B,巴音郭楞蒙古自治州,BYGLMGZZZ,86.147471,41.765086,bayinguolengmengguzizhizhou
2445,B,博湖,BH,86.631576,41.980166,bohu
2450,B,拜城,BC,81.869881,41.796101,baicheng
2469,B,巴楚,BC,78.55041,39.783479,bachu
2500,B,布尔津,BEJ,86.86186,47.70453,buerjin
1404,E,二连浩特,ELHT,111.97981,43.652895,erlianhaote
1418,E,额济纳旗,EJNQ,101.06944,41.958813,ejinaqi
395,E,鄂尔多斯,EEDS,109.780869,39.608452,eerduosi
1366,E,鄂托克前旗,ETKQQ,107.48172,38.183257,etuokeqianqi
1367,E,鄂托克旗,ETKQ,107.982604,39.095752,etuokeqi
1373,E,鄂伦春自治旗,ELCZZQ,123.725684,50.590177,elunchunzizhiqi
1374,E,鄂温克族自治旗,EWKZZZQ,119.754041,49.143293,ewenkezuzizhiqi
1379,E,额尔古纳,EEGN,120.178636,50.2439,eerguna
1691,E,恩施土家族苗族自治州,ESTJZMZZZZ,109.48699,30.283114,enshitujiazumiaozuzizhizhou
229,E,恩施,ES,109.479179,30.29504,enshi
184,E,鄂州,EZ,114.894951,30.39085,ezhou
555,E,恩平,EP,112.305321,22.18294,enping
1877,E,峨边彝族自治县,EBYZZZX,103.262148,29.230271,ebianyizuzizhixian
213,E,峨眉山,EMS,103.484467,29.60125,emeishan
2035,E,峨山彝族自治县,ESYZZZX,102.404358,24.173256,eshanyizuzizhixian
2108,E,洱源,EY,99.951708,26.111184,eryuan
2493,E,额敏,EM,83.622118,46.522555,emin
618,D,大城,DC,116.654228,38.704689,daicheng
1247,D,大厂回族自治县,DCHZZZX,116.986501,39.889266,dachanghuizuzizhixian
587,D,定州,DZ,114.99025,38.516258,dingzhou
1205,D,定兴,DX,115.796895,39.266195,dingxing
595,D,大名,DM,115.147881,36.28558,daming
1239,D,东光,DG,116.542062,37.88655,dongguang
1166,D,代县,DX,112.959961,39.066891,daixian
1306,D,定襄,DX,112.963231,38.484948,dingxiang
1325,D,大宁,DN,110.751283,36.46383,daning
169,D,大同,DT,113.300011,40.07637,datong
1269,D,大同,DT,113.611306,40.039345,datong
1349,D,达尔罕茂明安联合旗,DEHMMALHQ,110.438452,41.702836,daerhanmaominganlianheqi
1408,D,东乌珠穆沁旗,DWZMQQ,116.980022,45.510307,dongwuzhumuqinqi
1414,D,多伦,DL,116.477288,42.197962,duolun
919,D,达拉特旗,DLTQ,110.032928,40.400162,dalateqi
1382,D,磴口,DK,107.006056,40.330479,dengkou
20,D,大连,DL,121.614761,38.913689,dalian
913,D,调兵山,DBS,123.566902,42.467548,diaobingshan
145,D,丹东,DD,124.35601,39.999802,dandong
902,D,东港,DG,124.152092,39.861721,donggang
1436,D,灯塔,DT,123.325864,41.427836,dengta
901,D,大石桥,DSQ,122.509171,40.644482,dashiqiao
818,D,德惠,DH,125.705582,44.53709,dehui
806,D,敦化,DH,128.232056,43.372711,dunhua
813,D,大安,DA,124.292519,45.507111,daan
1447,D,东丰,DF,125.529623,42.675228,dongfeng
1448,D,东辽,DL,124.991995,42.927724,dongliao
86,D,大庆,DQ,125.103073,46.587582,daqing
1489,D,杜尔伯特蒙古族自治县,DEBTMGZZZX,124.446259,46.865973,duerbotemengguzuzizhixian
1497,D,东宁,DN,131.125296,44.063578,dongning
1511,D,大兴安岭地区,DXALDQ,124.398555,51.672255,daxinganlingdiqu
349,D,丹阳,DY,119.606941,32.009449,danyang
834,D,东台,DT,120.320503,32.866951,dongtai
844,D,东海,DH,118.771469,34.54216,donghai
1116,D,岱山,DS,122.204979,30.24369,daishan
1100,D,德清,DQ,119.977539,30.54269,deqing
1083,D,东阳,DY,120.241913,29.289459,dongyang
479,D,定远,DY,117.698563,32.52998,dingyuan
464,D,当涂,DT,118.497803,31.569901,dangtu
465,D,砀山,DS,116.366058,34.440971,dangshan
484,D,东至,DZ,117.027657,30.09663,dongzhi
518,D,大田,DT,117.84713,25.69261,datian
511,D,德化,DH,118.240982,25.4916,dehua
1558,D,东山,DS,117.427679,23.702845,dongshan
1578,D,德安,DA,115.762611,29.327474,dean
896,D,都昌,DC,116.204086,29.273069,duchang
1622,D,德兴,DX,117.578732,28.945034,dexing
1586,D,大余,DY,114.362243,25.395937,dayu
1590,D,定南,DN,115.03267,24.774277,dingnan
966,D,东平,DP,116.470238,35.93708,dongping
1637,D,东阿,DE,116.248855,36.336004,donge
132,D,东营,DY,118.67466,37.433651,dongying
971,D,东明,DM,115.090157,35.289532,dongming
224,D,德州,DZ,116.359268,37.435501,dezhou
621,D,邓州,DZ,112.087357,32.687771,dengzhou
630,D,登封,DF,113.050278,34.45348,dengfeng
642,D,郸城,DC,115.17704,33.644749,dancheng
746,D,当阳,DY,111.78833,30.82118,dangyang
712,D,大冶,DY,114.979767,30.09551,daye
744,D,丹江口,DJK,111.513222,32.540401,danjiangkou
728,D,大悟,DW,114.126938,31.560961,dawu
784,D,洞口,DK,110.575829,27.060381,dongkou
789,D,东安,DA,111.316437,26.392059,dongan
792,D,道县,DX,111.600067,25.527531,daoxian
1755,D,东源,DY,114.742711,23.789093,dongyuan
51,D,东莞,DG,113.751808,23.020691,dongguan
1747,D,大埔,DP,116.69552,24.351587,dapu
1745,D,德庆,DQ,111.78156,23.141711,deqing
1796,D,东兴,DX,107.97017,21.541172,dongxing
1836,D,大新,DX,107.200803,22.833369,daxin
1821,D,东兰,DL,107.373696,24.509367,donglan
1825,D,都安瑶族自治县,DAYZZZX,108.102761,23.934964,duanyaozuzizhixian
1826,D,大化瑶族自治县,DHYZZZX,107.9945,23.739596,dahuayaozuzizhixian
1806,D,德保,DB,106.618164,23.321464,debao
286,D,儋州,DZ,109.580688,19.520929,danzhou
583,D,东方,DF,108.653671,19.09614,dongfang
586,D,定安,DA,110.359299,19.68121,dingan
1129,D,垫江,DJ,107.335152,30.326799,dianjiang
1872,D,大英,DY,105.252187,30.581571,daying
1882,D,丹棱,DL,103.518333,30.012751,danleng
1922,D,丹巴,DB,101.886125,30.877083,danba
1925,D,道孚,DF,101.123327,30.978767,daofu
1929,D,德格,DG,98.57999,31.806729,dege
1936,D,稻城,DC,100.296689,29.037544,daocheng
1937,D,得荣,DR,99.288036,28.71134,derong
131,D,德阳,DY,104.397903,31.126789,deyang
1941,D,德昌,DC,102.178845,27.403827,dechang
247,D,达州,DZ,107.467911,31.208639,dazhou
1024,D,大竹,DZ,107.204407,30.736071,dazhu
1045,D,大邑,DY,103.520851,30.58757,dayi
428,D,都江堰,DJY,103.646622,30.988371,dujiangyan
1964,D,道真仡佬族苗族自治县,DZGLZMZZZX,107.605342,28.880088,daozhengelaozumiaozuzizhixian
575,D,大方,DF,105.612999,27.141609,dafang
576,D,都匀,DY,107.518669,26.25979,duyun
2015,D,独山,DS,107.542757,25.826283,dushan
2009,D,丹寨,DZ,107.79211,26.19875,danzhai
1983,D,德江,DJ,108.117317,28.26094,dejiang
2076,D,大姚,DY,101.323602,25.722348,dayao
2044,D,大关,DG,103.891608,27.747114,daguan
2100,D,大理白族自治州,DLBZZZZ,100.240037,25.592765,dalibaizuzizhizhou
174,D,大理,DL,100.229759,25.591579,dali
2111,D,德宏傣族景颇族自治州,DHDZJPZZZZ,98.578363,24.436694,dehongdaizujingpozuzizhizhou
2122,D,迪庆藏族自治州,DQZZZZZ,99.706463,27.826853,diqingzangzuzizhizhou
2124,D,德钦,DQ,98.91506,28.483272,deqin
2136,D,定日,DR,87.123887,28.656667,dingri
2144,D,定结,DJ,87.767723,28.36409,dingjie
2156,D,丁青,DQ,95.597748,31.410681,dingqing
2127,D,当雄,DX,91.103551,30.474819,dangxiong
2230,D,大荔,DL,109.943123,34.795011,dali
1143,D,定边,DB,107.60128,37.59454,dingbian
2279,D,丹凤,DF,110.33191,33.694711,danfeng
2315,D,敦煌,DH,94.664279,40.141119,dunhuang
2323,D,定西,DX,104.626294,35.579578,dingxi
2333,D,宕昌,DC,104.394475,34.042655,dangchang
2345,D,东乡族自治县,DXZZZX,103.389568,35.66383,dongxiangzuzizhixian
2352,D,迭部,DB,103.221009,34.055348,diebu
2385,D,达日,DR,99.651715,33.753259,dari
2396,D,德令哈,DLH,97.370143,37.374555,delingha
2398,D,都兰,DL,98.089161,36.298553,dulan
2400,D,大柴旦行政委员会,DCDXZWYH,95.36545,37.85265,dachaidanxingzhengweiyuanhui
2356,D,大通回族土族自治县,DTHZTZZZX,101.684183,36.931343,datonghuizutuzuzizhixian
1253,G,故城,GC,115.966747,37.350981,gucheng
619,G,固安,GA,116.298523,39.438251,guan
594,G,高碑店,GBD,115.873734,39.32658,gaobeidian
1207,G,高阳,GY,115.77051,38.69493,gaoyang
1220,G,沽源,GY,115.684836,41.667419,guyuan
1187,G,广平,GP,114.950859,36.483603,guangping
1188,G,馆陶,GT,115.289057,36.539461,guantao
1198,G,广宗,GZ,115.142797,37.075548,guangzong
1592,G,高邑,GY,114.610699,37.605714,gaoyi
1262,G,古交,GJ,112.174353,37.908534,gujiao
1320,G,古县,GX,111.920207,36.26855,guxian
1265,G,广灵,GL,114.279252,39.763051,guangling
999,G,高平,GP,112.923576,35.798069,gaoping
1348,G,固阳,GY,110.063421,41.030004,guyang
1380,G,根河,GH,121.532724,50.780454,genhe
906,G,盖州,GZ,122.348801,40.400532,gaizhou
804,G,公主岭,GZL,124.8228,43.504681,gongzhuling
1472,G,甘南,GN,123.506034,47.917838,gannan
854,G,高邮,GY,119.455582,32.78112,gaoyou
857,G,灌云,GY,119.240959,34.284069,guanyun
861,G,灌南,GN,119.315628,34.086731,guannan
477,G,广德,GD,119.417053,30.893801,guangde
1529,G,固镇,GZ,117.315962,33.318679,guzhen
1161,G,古田,GT,118.746063,26.57762,gutian
1562,G,光泽,GZ,117.337897,27.542803,guangze
885,G,贵溪,GX,117.245247,28.292521,guixi
1583,G,共青城,GQC,115.79406,29.248399,gongqingcheng
874,G,高安,GA,115.375618,28.41729,gaoan
129,G,赣州,GZ,114.934761,25.831091,ganzhou
1616,G,广昌,GC,116.327291,26.838426,guangchang
929,G,高密,GM,119.755676,36.382568,gaomi
1626,G,高青,GQ,117.829839,37.169581,gaoqing
981,G,冠县,GX,115.442627,36.483349,guanxian
985,G,高唐,GT,116.23111,36.86602,gaotang
987,G,广饶,GR,118.407021,37.053589,guangrao
417,G,巩义,GY,113.022057,34.747978,gongyi
632,G,固始,GS,115.654808,32.168388,gushi
683,G,光山,GS,114.918777,32.009972,guangshan
724,G,广水,GS,113.825996,31.616859,guangshui
718,G,公安,GA,112.229477,30.0583,gongan
741,G,谷城,GC,111.653038,32.263378,gucheng
773,G,桂阳,GY,112.733681,25.754101,guiyang
1714,G,桂东,GD,113.945879,26.073917,guidong
1733,G,古丈,GZ,109.949592,28.616973,guzhang
1742,G,广宁,GN,112.440419,23.631486,guangning
551,G,高州,GZ,110.853378,21.918119,gaozhou
4,G,广州,GZ,113.264359,23.12908,guangzhou
98,G,桂林,GL,110.290024,25.273609,guilin
1783,G,灌阳,GY,111.160248,25.489098,guanyang
1788,G,恭城瑶族自治县,GCYZZZX,110.82952,24.833612,gongchengyaozuzizhixian
431,G,贵港,GG,109.597641,23.11306,guigang
568,G,桂平,GP,110.07901,23.3941,guiping
262,G,广元,GY,105.843567,32.43549,guangyuan
316,G,广安,GA,106.633217,30.455959,guangan
1887,G,高县,GX,104.519187,28.435676,gaoxian
1888,G,珙县,GX,104.712268,28.449041,gongxian
1860,G,古蔺,GL,105.813359,28.03948,gulin
1919,G,甘孜藏族自治州,GZZZZZZ,101.96254,30.04932,ganzizangzuzizhizhou
1927,G,甘孜,GZ,99.991487,31.618487,ganzi
197,G,广汉,GH,104.282494,30.97706,guanghan
1952,G,甘洛,GL,102.775924,28.977094,ganluo
1974,G,关岭布依族苗族自治县,GLBYZMZZZX,105.666856,25.980713,guanlingbuyizumiaozuzizhixian
137,G,贵阳,GY,106.630241,26.64702,guiyang
2013,G,贵定,GD,107.233588,26.580807,guiding
2069,G,耿马傣族佤族自治县,GMDZWZZZX,99.402495,23.534579,gengmadaizuwazuzizhixian
1071,G,个旧,GJ,103.160042,23.35899,gejiu
2095,G,广南,GN,105.04926,24.0507,guangnan
2120,G,贡山独龙族怒族自治县,GSDLZNZZZX,98.666141,27.738054,gongshandulongzunuzuzizhixian
2150,G,岗巴,GB,88.518903,28.274371,gangba
2154,G,贡觉,GJ,98.271191,30.859206,gongjue
2166,G,贡嘎,GG,90.985271,29.289078,gongga
2191,G,噶尔,GE,80.101674,32.501353,gaer
2193,G,革吉,GJ,81.142896,32.389192,geji
2194,G,改则,GZ,84.062384,32.302076,gaize
2198,G,工布江达,GBJD,93.246515,29.88447,gongbujiangda
2244,G,甘泉,GQ,109.34961,36.277729,ganquan
2297,G,古浪,GL,102.898047,37.470571,gulang
2311,G,瓜州,GZ,95.780591,40.516525,guazhou
2343,G,广河,GH,103.576188,35.481688,guanghe
2285,G,皋兰,GL,103.94933,36.331254,gaolan
2293,G,甘谷,GG,105.332347,34.747327,gangu
2347,G,甘南藏族自治州,GNZZZZZ,102.911008,34.986354,gannanzangzuzizhizhou
2302,G,高台,GT,99.81665,39.376308,gaotai
2369,G,刚察,GC,100.138417,37.326263,gangcha
2376,G,共和,GH,100.619597,36.280286,gonghe
2378,G,贵德,GD,101.431856,36.040456,guide
2380,G,贵南,GN,100.74792,35.587085,guinan
2381,G,果洛藏族自治州,GLZZZZZ,100.247076,34.468685,guoluozangzuzizhizhou
2384,G,甘德,GD,99.902589,33.966987,gande
922,G,格尔木,GEM,94.9033,36.4024,geermu
2410,G,固原,GY,106.285241,36.004561,guyuan
2485,G,巩留,GL,82.227044,43.481618,gongliu
1254,F,阜城,FC,116.164727,37.869945,fucheng
1204,F,阜平,FP,114.198801,38.847276,fuping
1184,F,肥乡,FX,114.805154,36.555778,feixiangxian
1235,F,丰宁满族自治县,FNMZZZX,116.65121,41.209903,fengningmanzuzizhixian
1308,F,繁峙,FZ,113.559254,39.2663,fanzhi
1339,F,方山,FS,111.238885,37.892632,fangshan
1342,F,汾阳,FY,111.785273,37.267742,fenyang
1322,F,浮山,FS,111.850039,35.971359,fushan
1329,F,汾西,FX,111.563021,36.653368,fenxi
1396,F,丰镇,FZ,113.163462,40.437534,fengzhen
1420,F,法库,FK,123.416722,42.507045,faku
108,F,抚顺,FS,123.957222,41.879711,fushun
1424,F,抚顺,FS,124.097979,41.922644,fushun
118,F,阜新,FX,121.670113,42.02166,fuxin
1433,F,阜新蒙古族自治县,FXMGZZZX,121.743125,42.058607,fuxinmengguzuzizhixian
904,F,凤城,FC,124.066048,40.452789,fengcheng
821,F,扶余,FY,126.049721,44.990139,fuyu
811,F,抚松,FS,127.280357,42.342018,fusong
708,F,富锦,FJ,132.037277,47.250221,fujin
1494,F,抚远,FY,134.294501,48.364707,fuyuan
1473,F,富裕,FY,124.469106,47.797172,fuyu
1465,F,方正,FZ,128.836131,45.839536,fangzheng
840,F,丰县,FX,116.595322,34.693958,fengxian
848,F,阜宁,FN,119.802582,33.759312,funing
459,F,肥东,FD,117.469276,31.887699,feidong
460,F,肥西,FX,117.158401,31.70653,feixi
1151,F,繁昌,FC,118.199341,31.082911,fanchang
475,F,凤台,FT,116.71077,32.709461,fengtai
490,F,凤阳,FY,117.561241,32.866001,fengyang
195,F,阜阳,FY,115.814949,32.889629,fuyang
468,F,阜南,FN,115.593193,32.658871,funan
9,F,福州,FZ,119.296471,26.074209,fuzhou
497,F,福清,FQ,119.384109,25.72024,fuqing
500,F,福安,FA,119.647682,27.087971,fuan
504,F,福鼎,FD,120.216713,27.32436,fuding
884,F,浮梁,FL,117.215233,29.351589,fuliang
1584,F,分宜,FY,114.675262,27.811301,fenyi
1602,F,奉新,FX,115.389899,28.700672,fengxin
871,F,丰城,FC,115.77121,28.159201,fengcheng
219,F,抚州,FZ,116.358093,27.947809,fuzhou
934,F,费县,FX,117.977112,35.26659,feixian
935,F,肥城,FC,116.769173,36.182449,feicheng
1659,F,范县,FX,115.504207,35.851955,fanxian
635,F,方城,FC,113.01255,33.254391,fangcheng
667,F,封丘,FQ,114.41861,35.041191,fengqiu
680,F,扶沟,FG,114.394821,34.060001,fugou
1678,F,房县,FX,110.741966,32.055002,fangxian
1730,F,凤凰,FH,109.599191,27.948308,fenghuang
1757,F,佛冈,FG,113.534094,23.866739,fogang
1748,F,丰顺,FS,116.184419,23.752771,fengshun
1744,F,封开,FK,111.502973,23.434731,fengkai
24,F,佛山,FS,113.121918,23.021851,foshan
1794,F,防城港,FCG,108.33799,21.6138,fangchenggang
1833,F,扶绥,FS,107.911533,22.635821,fusui
1820,F,凤山,FS,107.044592,24.544561,fengshan
1816,F,富川瑶族自治县,FCYZZZX,111.277228,24.81896,fuchuanyaozuzizhixian
1122,F,奉节,FJ,109.464058,31.018459,fengjie
1131,F,丰都,FD,107.73085,29.86352,fengdu
1030,F,富顺,FS,104.974953,29.181271,fushun
1966,F,凤冈,FG,107.722021,27.960858,fenggang
2011,F,福泉,FQ,107.513508,26.702508,fuquan
1060,F,富源,FY,104.254852,25.674219,fuyuan
2064,F,凤庆,FQ,99.91871,24.592738,fengqing
2023,F,富民,FM,102.497888,25.219667,fumin
2096,F,富宁,FN,105.62856,23.626494,funing
2119,F,福贡,FG,98.867413,26.902738,fugong
2259,F,佛坪,FP,107.988582,33.520745,foping
2235,F,富平,FP,109.187174,34.746679,fuping
2260,F,府谷,FG,111.069645,39.029243,fugu
2245,F,富县,FX,109.384136,35.996495,fuxian
2208,F,凤翔,FX,107.400577,34.521668,fengxiang
2210,F,扶风,FF,107.87824,34.359748,fufeng
2215,F,凤县,FX,106.525212,33.912464,fengxian
2426,F,阜康,FK,87.98384,44.152153,fukang
2501,F,富蕴,FY,89.524993,46.993106,fuyun
2502,F,福海,FH,87.494569,47.113128,fuhai
266,H,衡水,HS,115.67054,37.738861,hengshui
1224,H,怀安,HA,114.718154,40.678556,huaian
1226,H,怀来,HL,115.520846,40.405405,huailai
170,H,邯郸,HD,114.539177,36.625561,handan
1182,H,邯郸,HD,114.535506,36.618829,handan
366,H,河间,HJ,116.098999,38.44548,hejian
1240,H,海兴,HX,117.496606,38.141582,haixing
385,H,黄骅,HH,117.330116,38.371391,huanghua
1314,H,河曲,HQ,111.146609,39.381895,hequ
1289,H,怀仁,HR,113.100512,39.82079,huairen
1292,H,和顺,HS,113.572919,37.327027,heshun
1006,H,河津,HJ,110.711861,35.596432,hejin
1330,H,侯马,HM,111.371272,35.620302,houma
1331,H,霍州,HZ,111.723103,36.57202,huozhou
998,H,洪洞,HD,111.674957,36.253738,hongdong
1267,H,浑源,HY,113.698091,39.699099,hunyuan
1277,H,壶关,HG,113.206138,36.110938,huguan
1365,H,霍林郭勒,HLGL,119.657862,45.532361,huolinguole
92,H,呼和浩特,HHHT,111.751991,40.841492,huhehaote
1345,H,和林格尔,HLGE,111.824143,40.380288,helingeer
1388,H,化德,HD,114.01008,41.899335,huade
1368,H,杭锦旗,HJQ,108.736324,39.831789,hangjinqi
398,H,呼伦贝尔,HLBE,119.765839,49.211632,hulunbeier
1386,H,杭锦后旗,HJHQ,107.147682,40.888797,hangjinhouqi
1428,H,桓仁满族自治县,HRMZZZX,125.359195,41.268997,huanrenmanzuzizhixian
368,H,海城,HC,122.684631,40.881451,haicheng
908,H,黑山,HS,122.120659,41.693909,heishan
218,H,葫芦岛,HLD,120.83699,40.710999,huludao
816,H,桦甸,HD,126.746269,42.97208,huadian
820,H,珲春,HC,130.365768,42.862492,hunchun
1462,H,和龙,HL,129.008748,42.547004,helong
822,H,辉南,HN,126.046867,42.68499,huinan
1149,H,黑河,HH,127.528519,50.245232,heihe
1491,H,桦南,HN,130.570112,46.240118,huanan
1492,H,桦川,HC,130.723713,47.023039,huachuan
1500,H,海林,HL,129.387902,44.574149,hailin
697,H,鹤岗,HG,130.297852,47.349892,hegang
1478,H,虎林,HL,132.973881,45.767985,hulin
1156,H,​海伦,HL,126.973381,47.462101,hailun
1512,H,呼玛,HM,126.662105,51.726998,huma
10,H,哈尔滨,HEB,126.535797,45.802158,haerbin
835,H,睢宁,HN,117.941078,33.912739,huining
837,H,海门,HM,121.181793,31.871651,haimen
838,H,海安,HA,120.46759,32.533081,haian
114,H,淮安,HA,119.015953,33.610161,huaian
1514,H,洪泽,HZ,118.867875,33.294975,hongze
1085,H,海宁,HN,120.681023,30.50938,haining
1101,H,海盐,HY,120.945793,30.52553,haiyan
61,H,湖州,HZ,120.088051,30.893049,huzhou
2,H,杭州,HZ,120.155151,30.274151,hangzhou
17,H,合肥,HF,117.229012,31.82057,hefei
53,H,淮南,HN,116.999802,32.625488,huainan
481,H,怀宁,HN,116.829742,30.73381,huaining
471,H,怀远,HY,117.205139,32.9701,huaiyuan
466,H,霍邱,HQ,116.278229,32.353199,huoqiu
488,H,霍山,HS,116.332687,31.39279,huoshan
478,H,和县,HX,118.351448,31.74423,hexian
1530,H,含山,HS,117.874155,31.600518,hanshan
199,H,黄山,HS,118.338661,29.71517,huangshan
214,H,淮北,HB,116.926224,33.67078,huaibei
496,H,惠安,HA,118.796951,25.030649,huian
1560,H,华安,HA,117.53631,25.001416,huaan
1580,H,湖口,HK,116.244313,29.7263,hukou
1618,H,横峰,HF,117.608247,28.415103,hengfeng
882,H,会昌,HC,115.786003,25.600389,huichang
961,H,桓台,HT,118.097969,36.959332,huantai
975,H,海阳,HY,121.158463,36.776451,haiyang
978,H,惠民,HM,117.509201,37.489819,huimin
177,H,菏泽,HZ,115.481148,35.233631,heze
660,H,滑县,HX,114.519302,35.57534,huaxian
1653,H,获嘉,HJ,113.657249,35.261685,huojia
653,H,辉县,HX,113.805397,35.46212,huixian
633,H,淮阳,HY,114.886139,33.731499,huaiyang
648,H,潢川,HC,115.051292,32.131561,huangchuan
682,H,淮滨,HB,115.419868,32.473389,huaibin
672,H,睢县,HX,115.071533,34.445259,huixian
406,H,鹤壁,HB,114.297447,35.747002,hebi
720,H,洪湖,HH,113.477753,29.82756,honghu
152,H,黄石,HS,115.038902,30.19953,huangshi
1697,H,鹤峰,HF,110.033699,29.887298,hefeng
711,H,汉川,HC,113.839073,30.661221,hanchuan
217,H,黄冈,HG,114.872383,30.45347,huanggang
717,H,黄梅,HM,115.944321,30.07037,huangmei
738,H,红安,HA,114.618134,31.288099,hongan
116,H,衡阳,HY,112.571953,26.89324,hengyang
787,H,衡东,HD,112.953247,27.08116,hengdong
1704,H,衡阳,HY,112.379643,26.962388,hengyang
1705,H,衡山,HS,112.86971,27.234808,hengshan
759,H,衡南,HN,112.677917,26.73831,hengnan
775,H,汉寿,HS,111.970428,28.905491,hanshou
778,H,华容,HR,112.540947,29.53023,huarong
133,H,怀化,HH,110.001602,27.56974,huaihua
793,H,洪江,HJ,109.836548,27.209249,hongjiang
1722,H,会同,HT,109.720785,26.870789,huitong
1731,H,花垣,HY,109.479063,28.581352,huayuan
365,H,河源,HY,114.700653,23.74365,heyuan
1754,H,和平,HP,114.941473,24.44318,heping
535,H,海丰,HF,115.32341,22.96657,haifeng
57,H,惠州,HZ,114.416786,23.11075,huizhou
537,H,惠东,HD,114.719994,22.984859,huidong
1743,H,怀集,HJ,112.182466,23.913072,huaiji
554,H,化州,HZ,110.639542,21.663971,huazhou
550,H,鹤山,HS,112.964363,22.765301,heshan
536,H,惠来,HL,116.295113,23.033211,huilai
1793,H,合浦,HP,109.200695,21.663554,hepu
1832,H,合山,HS,108.88858,23.81311,heshan
1771,H,横县,HX,109.270987,22.68743,hengxian
1167,H,河池,HC,108.062105,24.695899,hechi
1823,H,环江毛南族自治县,HJMNZZZX,108.258669,24.827628,huanjiangmaonanzuzizhixian
252,H,贺州,HZ,111.566551,24.40346,hezhou
62,H,海口,HK,110.19989,20.04422,haikou
1881,H,洪雅,HY,103.375006,29.904867,hongya
1893,H,华蓥,HY,106.777882,30.380574,huaying
1038,H,合江,HJ,105.831352,28.81147,hejiang
1913,H,黑水,HS,102.990805,32.061721,heishui
1918,H,红原,HY,102.544906,32.793902,hongyuan
1942,H,会理,HL,102.249548,26.658702,huili
1943,H,会东,HD,102.578985,26.630713,huidong
1897,H,汉源,HY,102.677145,29.349915,hanyuan
1977,H,赫章,HZ,104.726438,27.119243,hezhang
2020,H,惠水,HS,106.657848,26.128637,huishui
1995,H,黄平,HP,107.901337,26.896973,huangping
1061,H,会泽,HZ,103.297371,26.41791,huize
2081,H,红河哈尼族彝族自治州,HHHNZYZZZZ,103.384182,23.366775,honghehanizuyizuzizhizhou
2088,H,河口瑶族自治县,HKYZZZX,103.961593,22.507563,hekouyaozuzizhixian
245,H,红河,HHZZZ,102.420792,23.36907,honghe
2033,H,华宁,HN,102.928982,24.189807,huaning
2110,H,鹤庆,HQ,100.173375,26.55839,heqing
2052,H,华坪,HP,101.267796,26.628834,huaping
259,H,汉中,HZ,107.023773,33.067612,hanzhong
2268,H,汉阴,HY,108.510946,32.891121,hanyin
2231,H,合阳,HY,110.147979,35.237098,heyang
2236,H,韩城,HC,110.452391,35.475238,hancheng
2237,H,华阴,HY,110.08952,34.565359,huayin
2248,H,黄龙,HL,109.83502,35.583276,huanglong
2249,H,黄陵,HL,109.262469,35.580165,huangling
2289,H,会宁,HN,105.054337,35.692486,huining
2307,H,华亭,HT,106.649308,35.215342,huating
2337,H,徽县,HX,106.085632,33.767785,huixian
2344,H,和政,HZ,103.350357,35.425971,hezheng
2348,H,合作,HZ,102.91149,34.985973,hezuo
2317,H,环县,HX,107.308754,36.569322,huanxian
2318,H,华池,HC,107.986288,36.457304,huachi
2319,H,合水,HS,108.019865,35.819005,heshui
2359,H,海东,HD,102.10327,36.502916,haidong
2362,H,互助土族自治县,HZTZZZX,101.956734,36.83994,huzhutuzuzizhixian
2363,H,化隆回族自治县,HLHZZZX,102.262329,36.098322,hualonghuizuzizhixian
2365,H,海北藏族自治州,HBZZZZZ,100.901059,36.959435,haibeizangzuzizhizhou
2368,H,海晏,HY,100.90049,36.959542,haiyan
2370,H,黄南藏族自治州,HNZZZZZ,102.019988,35.517744,huangnanzangzuzizhizhou
2374,H,河南蒙古族自治县,HNMGZZZX,101.611877,34.734522,henanmengguzuzizhixian
2375,H,海南藏族自治州,HNZZZZZ,100.619542,36.280353,hainanzangzuzizhizhou
2395,H,海西蒙古族藏族自治州,HXMGZZZZZZ,97.370785,37.374663,haiximengguzuzangzuzizhizhou
2357,H,湟中,HZ,101.569475,36.500419,huangzhong
2358,H,湟源,HY,101.263435,36.684818,huangyuan
2416,H,海原,HY,105.647323,36.562007,haiyuan
2404,H,贺兰,HL,106.345904,38.554563,helan
2422,H,哈密,HM,93.51316,42.833248,hami
2427,H,呼图壁,HTB,86.888613,44.189342,hutubi
2443,H,和静,HJ,86.391067,42.31716,hejing
2444,H,和硕,HS,86.864947,42.268863,heshuo
2471,H,和田地区,HTDQ,79.92533,37.110687,hetiandiqu
2472,H,和田,HT,79.927542,37.108944,hetian
2473,H,和田,HT,79.90141,36.57246,hetian
5893,H,霍尔果斯,HEGS,80.420759,44.201669,huoerguosi
2484,H,霍城,HC,80.872508,44.049912,huocheng
2497,H,和布克赛尔蒙古自治县,HBKSEMGZZX,85.733551,46.793001,hebukesaiermengguzizhixian
2503,H,哈巴河,HBH,86.418964,48.059284,habahe
1219,K,康保,KB,114.615809,41.850046,kangbao
1236,K,宽城满族自治县,KCMZZZX,118.488642,40.607981,kuanchengmanzuzizhixian
1313,K,岢岚,KL,111.56981,38.705625,kelan
1359,K,科尔沁左翼中旗,KEQZYZQ,123.313873,44.127166,keerqinzuoyizhongqi
1360,K,科尔沁左翼后旗,KEQZYHQ,122.355155,42.954564,keerqinzuoyihouqi
1361,K,开鲁,KL,121.308797,43.602432,kailu
1362,K,库伦旗,KLQ,121.774886,42.734692,kulunqi
1399,K,科尔沁右翼前旗,KEQYYQQ,121.957544,46.076497,keerqinyouyiqianqi
1400,K,科尔沁右翼中旗,KEQYYZQ,121.472818,45.059645,keerqinyouyizhongqi
1354,K,克什克腾旗,KSKTQ,117.542465,43.256233,keshiketengqi
1356,K,喀喇沁旗,KLQQ,118.708572,41.92778,kalaqinqi
1419,K,康平,KP,123.352703,42.741533,kangping
903,K,开原,KY,124.0382,42.546452,kaiyuan
1429,K,宽甸满族自治县,KDMZZZX,124.784867,40.730412,kuandianmanzuzizhixian
1442,K,喀喇沁左翼蒙古族自治县,KLQZYMGZZZX,119.744883,41.125428,kalaqinzuoyimengguzuzizhixian
1474,K,克山,KS,125.874355,48.034342,keshan
1475,K,克东,KD,126.249094,48.03732,kedong
358,K,昆山,KS,120.981812,31.38475,kunshan
1520,K,开化,KH,118.414435,29.136503,kaihua
1627,K,垦利,KL,118.551314,37.588679,kenli
183,K,开封,KF,114.307312,34.79726,kaifeng
547,K,开平,KP,112.698509,22.376381,kaiping
439,K,开州,KZ,108.393112,31.16098,kaizhou
1920,K,康定,KD,101.964057,30.050738,kangding
1894,K,开江,KJ,107.864135,31.085537,kaijiang
1955,K,开阳,KY,106.969438,27.056793,kaiyang
140,K,凯里,KL,107.9804,26.56756,kaili
23,K,昆明,KM,102.833221,24.87966,kunming
1070,K,开远,KY,103.266762,23.71434,kaiyuan
2143,K,康马,KM,89.683406,28.554719,kangma
2334,K,康县,KX,105.609534,33.328266,kangxian
2341,K,康乐,KL,103.709852,35.371906,kangle
5896,K,可克达拉,KKDL,80.63579,43.6832,kekedala
5897,K,昆玉,KY,79.287372,37.207994,kunyu
1053,K,克拉玛依,KLMY,84.88927,45.57999,kelamayi
326,K,库尔勒,KEL,86.173691,41.726429,kuerle
1058,K,库车,KC,82.96212,41.717411,kuche
2453,K,柯坪,KP,79.04785,40.50624,keping
2454,K,克孜勒苏柯尔克孜自治州,KZLSKEKZZZZ,76.174806,39.7111,kezilesukeerkezizizhizhou
2459,K,喀什地区,KSDQ,75.989138,39.467664,kashidiqu
1055,K,喀什,KS,75.993813,39.46772,kashi
2481,K,奎屯,KT,84.901602,44.423445,kuitun
1050,J,蓟县,JX,117.408287,40.045769,jixian
610,J,景县,JX,116.270599,37.692341,jingxian
1255,J,冀州,JZ,115.579173,37.542788,jizhou
1186,J,鸡泽,JZ,114.878517,36.914908,jize
1196,J,巨鹿,JL,115.038782,37.21768,julu
1155,J,​晋州,JZ,115.044098,38.033562,jinzhou
1817,J,井陉,JX,114.144488,38.033614,jingxing
1310,J,静乐,JL,111.940231,38.355947,jingle
1333,J,交城,JC,112.159154,37.555155,jiaocheng
1341,J,交口,JK,111.183188,36.983068,jiaokou
153,J,晋中,JZ,112.752777,37.687019,jinzhong
1000,J,介休,JX,111.916718,37.0271,jiexiu
1299,J,稷山,JS,110.978996,35.600412,jishan
1301,J,绛县,JX,111.576182,35.49045,jiangxian
1323,J,吉县,JX,110.682853,36.099355,jixian
437,J,晋城,JC,112.851128,35.490391,jincheng
110,J,锦州,JZ,121.127029,41.09515,jinzhou
1444,J,建昌,JC,119.804105,40.813081,jianchang
1441,J,建平,JP,119.642363,41.402576,jianping
101,J,吉林,JL,126.549438,43.837841,jilin
814,J,蛟河,JH,127.344772,43.72393,jiaohe
1452,J,靖宇,JY,126.808386,42.389689,jingyu
1451,J,集安,JA,126.186204,41.126276,jian
88,J,佳木斯,JMS,130.320602,46.80019,jiamusi
1490,J,嘉荫,JY,130.397684,48.891378,jiayin
1482,J,集贤,JX,131.13933,46.72898,jixian
221,J,鸡西,JX,130.969543,45.295238,jixi
1477,J,鸡东,JD,131.146379,45.252919,jidong
858,J,句容,JR,119.16864,31.94482,jurong
364,J,江阴,JY,120.2854,31.92005,jiangyin
851,J,建湖,JH,119.798576,33.464062,jianhu
846,J,靖江,JJ,120.274544,32.014938,jingjiang
867,J,金湖,JH,119.020432,33.02359,jinhu
55,J,嘉兴,JX,120.755501,30.74501,jiaxing
1095,J,嘉善,JS,120.927162,30.83075,jiashan
67,J,金华,JH,119.647591,29.078119,jinhua
1112,J,缙云,JY,120.091583,28.659281,jinyun
1526,J,景宁畲族自治县,JNSZZZX,119.634669,27.977247,jingningshezuzizhixian
1107,J,江山,JS,118.6269,28.737249,jiangshan
1111,J,建德,JD,119.281212,29.474751,jiande
1544,J,泾县,JX,118.412397,30.685975,jingxian
1545,J,绩溪,JX,118.594705,30.065267,jixi
1546,J,旌德,JD,118.543081,30.288057,jingde
1541,J,金寨,JZ,115.878514,31.681624,jinzhai
487,J,界首,JS,115.374512,33.257179,jieshou
1554,J,将乐,JL,117.473558,26.728667,jiangle
1556,J,建宁,JN,116.845832,26.831398,jianning
1557,J,金门,JM,118.32277,24.42931,jinmen
334,J,晋江,JJ,118.551987,24.781441,jinjiang
509,J,建瓯,JO,118.304977,27.022659,jianou
887,J,进贤,JX,116.242493,28.376789,jinxian
49,J,景德镇,JDZ,117.178391,29.26869,jingdezhen
66,J,九江,JJ,116.001457,29.705481,jiujiang
1606,J,靖安,JA,115.361744,28.86054,jingan
1614,J,金溪,JX,116.778751,27.907387,jinxi
220,J,吉安,JA,114.993759,27.113819,jian
1594,J,吉安,JA,114.905117,27.040042,jian
1601,J,井冈山,JGS,114.166111,26.570529,jinggangshan
888,J,吉水,JS,115.135498,27.229759,jishui
19,J,济南,JN,116.994926,36.665291,jinan
1624,J,济阳,JY,117.176035,36.976772,jiyang
47,J,济宁,JN,116.587242,35.414589,jining
976,J,金乡,JX,116.311478,35.066608,jinxiang
988,J,嘉祥,JX,116.342491,35.407501,jiaxiang
968,J,莒县,JX,118.836868,35.579971,juxian
950,J,莒南,JN,118.835426,35.174858,junan
945,J,巨野,JY,116.094948,35.396332,juye
969,J,鄄城,JC,115.510048,35.563499,juancheng
940,J,胶州,JZ,120.033539,36.26445,jiaozhou
674,J,郏县,JX,113.212624,33.971802,jiaxian
144,J,焦作,JZ,113.242012,35.21563,jiaozuo
415,J,济源,JY,112.60273,35.06707,jiyuan
100,J,荆州,JZ,112.240692,30.334789,jingzhou
1685,J,江陵,JL,112.41735,30.033919,jiangling
716,J,监利,JL,112.904922,29.839279,jianli
151,J,荆门,JM,112.199448,31.03546,jingmen
723,J,京山,JS,113.11953,31.01848,jingshan
1692,J,建始,JS,109.723822,30.601632,jianshi
1688,J,嘉鱼,JY,113.921547,29.973363,jiayu
800,J,津市,JS,111.877411,29.605431,jinshi
1726,J,靖州苗族侗族自治县,JZMZDZZZX,109.691159,26.573511,jingzhoumiaozudongzuzizhixian
1716,J,江永,JY,111.346803,25.268154,jiangyong
1719,J,江华瑶族自治县,JHYZZZX,111.577276,25.182596,jianghuayaozuzizhixian
1711,J,嘉禾,JH,112.370618,25.587309,jiahe
274,J,吉首,JS,109.698112,28.26244,jishou
1750,J,蕉岭,JL,116.170531,24.653313,jiaoling
130,J,江门,JM,113.081612,22.57865,jiangmen
231,J,揭阳,JY,116.372711,23.549721,jieyang
552,J,揭西,JX,115.841888,23.43141,jiexi
1831,J,金秀瑶族自治县,JXYZZZX,110.188556,24.134941,jinxiuyaozuzizhixian
1807,J,靖西,JX,106.417549,23.134766,jingxi
1869,J,剑阁,JG,105.527035,32.286517,jiange
319,J,江油,JY,104.724579,31.75691,jiangyou
1885,J,江安,JA,105.068697,28.728102,jiangan
1910,J,九寨沟,JZG,104.236344,33.262097,jiuzhaigou
1911,J,金川,JC,102.064647,31.476356,jinchuan
1923,J,九龙,JL,101.506942,29.001975,jiulong
1873,J,犍为,JW,103.944266,29.209782,jianwei
1874,J,井研,JY,104.06885,29.651645,jingyan
1875,J,夹江,JJ,103.578862,29.741019,jiajiang
1947,J,金阳,JY,103.248704,27.695916,jinyang
1043,J,金堂,JT,104.412048,30.86203,jintang
434,J,简阳,JY,104.547333,30.411329,jianyang
580,J,金沙,JS,106.220139,27.459221,jinsha
2001,J,锦屏,JP,109.20252,26.680625,jinping
2002,J,剑河,JH,108.589508,26.652386,jianhe
1978,J,江口,JK,108.848427,27.691904,jiangkou
2086,J,金平苗族瑶族傣族自治县,JPMZYZDZZZX,103.228359,22.779982,jinpingmiaozuyaozudaizuzizhixian
1069,J,建水,JS,102.826988,23.634991,jianshui
2056,J,景东彝族自治县,JDYZZZX,100.840011,24.448523,jingdongyizuzizhixian
2057,J,景谷傣族彝族自治县,JGDZYZZZX,100.701425,23.500278,jinggudaizuyizuzizhixian
2059,J,江城哈尼族彝族自治县,JCHNZYZZZX,101.859144,22.58336,jiangchenghanizuyizuzizhixian
359,J,景洪,JH,100.771629,22.00008,jinghong
2109,J,剑川,JC,99.905887,26.530066,jianchuan
2135,J,江孜,JZ,89.605044,28.908845,jiangzi
2147,J,吉隆,JL,85.298349,28.852416,jilong
2153,J,江达,JD,98.218351,31.499534,jiangda
2172,J,加查,JC,92.591043,29.140921,jiacha
2178,J,嘉黎,JL,93.232907,30.640846,jiali
1154,J,靖边,JB,108.795677,37.599312,jingbian
2264,J,佳县,JX,110.493367,38.021597,jiaxian
2218,J,泾阳,JY,108.83784,34.528493,jingyang
2288,J,靖远,JY,104.68476,36.55948,jingyuan
2290,J,景泰,JT,104.066394,37.193519,jingtai
2304,J,泾川,JC,107.365218,35.335283,jingchuan
2309,J,静宁,JN,105.733489,35.525243,jingning
526,J,酒泉,JQ,98.493942,39.732552,jiuquan
2310,J,金塔,JT,98.902959,39.983036,jinta
527,J,嘉峪关,JYG,98.290108,39.772011,jiayuguan
528,J,金昌,JC,102.187592,38.520061,jinchang
2346,J,积石山保安族东乡族撒拉族自治县,JSSBAZDXZSLZZZX,102.877473,35.712906,jishishanbaoanzudongxiangzusalazuzizhixian
2372,J,尖扎,JZ,102.031953,35.938205,jianzha
2386,J,久治,JZ,101.484884,33.430217,jiuzhi
2413,J,泾源,JY,106.338674,35.49344,jingyuan
2430,J,吉木萨尔,JMSE,89.181288,43.997162,jimusaer
2435,J,精河,JH,82.892938,44.605645,jinghe
2468,J,伽师,JS,76.741982,39.494325,jiashi
2505,J,吉木乃,JMN,85.876064,47.434633,jimunai
1245,M,孟村回族自治县,MCHZZZX,117.105104,38.057953,mengcunhuizuzizhixian
1372,M,莫力达瓦达斡尔族自治旗,MLDWDWEZZZQ,124.507401,48.478385,molidawadawoerzuzizhiqi
917,M,满洲里,MZL,117.378357,49.59655,manzhouli
807,M,梅河口,MHK,125.712097,42.538731,meihekou
138,M,牡丹江,MDJ,129.632446,44.552689,mudanjiang
1502,M,穆棱,ML,130.527085,44.91967,muleng
1479,M,密山,MS,131.87272,45.545701,mishan
1509,M,明水,MS,125.907544,47.183527,mingshui
1135,M,漠河,MH,122.538643,52.972092,mohe
1467,M,木兰,ML,128.042675,45.949826,mulan
469,M,蒙城,MC,116.564499,33.265839,mengcheng
486,M,明光,MG,117.989441,32.776989,mingguang
90,M,马鞍山,MAS,118.506111,31.67067,maanshan
1548,M,闽清,MQ,118.868416,26.223793,minqing
502,M,闽侯,MH,119.131393,26.150209,minhou
1551,M,明溪,MX,117.201845,26.357375,mingxi
994,M,蒙阴,MY,117.944939,35.710098,mengyin
1641,M,孟津,MJ,112.443892,34.826485,mengjin
1656,M,孟州,MZ,112.78708,34.90963,mengzhou
679,M,民权,MQ,115.147659,34.646912,minquan
1663,M,渑池,MC,111.762992,34.763487,mianchi
719,M,麻城,MC,115.00869,31.17333,macheng
756,M,汨罗,ML,113.067108,28.806419,miluo
1723,M,麻阳苗族自治县,MYMZZZX,109.802807,27.865991,mayangmiaozuzizhixian
56,M,梅州,MZ,116.122643,24.288441,meizhou
123,M,茂名,MM,110.925232,21.66329,maoming
1768,M,马山,MS,108.172903,23.711758,mashan
1791,M,蒙山,MS,110.5226,24.199829,mengshan
312,M,眉山,MS,103.848511,30.07563,meishan
1857,M,米易,MY,102.109877,26.887474,miyi
82,M,绵阳,MY,104.679604,31.46751,mianyang
1908,M,茂县,MX,103.850684,31.680407,maoxian
1914,M,马尔康,MEK,102.221187,31.899761,maerkang
325,M,绵竹,MZ,104.220833,31.337761,mianzhu
1876,M,沐川,MC,103.90211,28.956338,muchuan
1878,M,马边彝族自治县,MBYZZZX,103.546851,28.838933,mabianyizuzizhixian
1939,M,木里藏族自治县,MLZZZZX,101.280184,27.926859,mulizangzuzizhixian
1950,M,冕宁,MN,102.170046,28.550844,mianning
1953,M,美姑,MG,103.132007,28.327946,meigu
1967,M,湄潭,MT,107.485723,27.765839,meitan
2008,M,麻江,MJ,107.593172,26.494803,majiang
2028,M,马龙,ML,103.578755,25.429451,malong
2073,M,牟定,MD,101.543044,25.312111,mouding
377,M,蒙自,MZ,103.364807,23.396219,mengzi
1065,M,弥勒,ML,103.41465,24.410509,mile
2055,M,墨江哈尼族自治县,MJHNZZZX,101.687606,23.428165,mojianghanizuzizhixian
2060,M,孟连傣族拉祜族佤族自治县,MLDZLHZWZZZX,99.585406,22.325924,mengliandaizulahuzuwazuzizhixian
2092,M,麻栗坡,MLP,104.701899,23.124202,malipo
2093,M,马关,MG,104.398619,23.011723,maguan
2098,M,勐海,MH,100.448288,21.955866,menghai
2099,M,勐腊,ML,101.567051,21.479449,mengla
2103,M,弥渡,MD,100.490669,25.342594,midu
2113,M,芒市,MS,98.577608,24.436699,mangshi
2160,M,芒康,MK,98.596444,29.686615,mangkang
2199,M,米林,ML,94.213679,29.213811,milin
2200,M,墨脱,MT,95.331791,29.324605,motuo
2132,M,墨竹工卡,MZGK,91.731158,29.834657,mozhugongka
2254,M,勉县,MX,106.680175,33.155618,mianxian
2263,M,米脂,MZ,110.178683,37.759081,mizhi
2211,M,眉县,MX,107.752371,34.272137,meixian
2296,M,民勤,MQ,103.090654,38.624621,minqin
2329,M,岷县,MX,104.039882,34.439105,minxian
2353,M,玛曲,MQ,102.075767,33.998068,maqu
2300,M,民乐,ML,100.816623,38.434454,minle
2361,M,民和回族土族自治县,MHHZTZZZX,102.804209,36.329451,minhehuizutuzuzizhixian
2366,M,门源回族自治县,MYHZZZX,101.618461,37.376627,menyuanhuizuzizhixian
2382,M,玛沁,MQ,100.243531,34.473386,maqin
2387,M,玛多,MD,98.211343,34.91528,maduo
2402,M,茫崖行政委员会,MYXZWYH,90.312755,38.256157,mangyaxingzhengweiyuanhui
2428,M,玛纳斯,MNS,86.217687,44.305625,manasi
2431,M,木垒哈萨克自治县,MLHSKZZX,90.282833,43.832442,muleihasakezizhixian
2466,M,麦盖提,MGT,77.651538,38.903384,maigaiti
2474,M,墨玉,MY,79.736629,37.271511,moyu
2479,M,民丰,MF,82.692354,37.064909,minfeng
40,L,廊坊,LF,116.68376,39.53775,langfang
1181,L,卢龙,LL,118.872935,39.883955,lulong
600,L,滦县,LX,118.703506,39.740582,luanxian
603,L,滦南,LN,118.67414,39.50394,luannan
1994,L,乐亭,LT,118.905341,39.42813,laoting
1203,L,涞水,LS,115.711985,39.393148,laishui
1209,L,涞源,LY,114.692567,39.35755,laiyuan
1213,L,蠡县,LX,115.583631,38.496429,lixian
599,L,临漳,LZ,114.619553,36.334641,linzhang
1233,L,滦平,LP,117.337124,40.936644,luanping
1234,L,隆化,LH,117.736343,41.316667,longhua
607,L,隆尧,LY,114.770309,37.35025,longyao
1191,L,临城,LC,114.506873,37.444009,lincheng
1201,L,临西,LX,115.498684,36.8642,linxi
1371,L,灵寿,LS,114.37946,38.306546,lingshou
281,L,吕梁,LL,111.141647,37.519341,lvliang
1335,L,临县,LX,110.995963,37.960806,linxian
1336,L,柳林,LL,110.89613,37.431664,liulin
1338,L,岚县,LX,111.671555,38.278654,lanxian
1261,L,娄烦,LF,111.793798,38.066035,loufan
1297,L,灵石,LS,111.772759,36.847469,lingshi
1001,L,临猗,LY,110.774078,35.144711,linyi
168,L,临汾,LF,111.519623,36.088219,linfen
1266,L,灵丘,LQ,114.23576,39.438867,lingqiu
1285,L,陵川,LC,113.278877,35.775614,lingchuan
1282,L,潞城,LC,113.223245,36.332233,lucheng
1276,L,黎城,LC,113.387366,36.502971,licheng
1391,L,凉城,LC,112.500911,40.531627,liangcheng
1353,L,林西,LX,118.05775,43.605326,linxi
1431,L,凌海,LH,121.364236,41.171738,linghai
222,L,辽阳,LY,123.237358,41.268089,liaoyang
1435,L,辽阳,LY,123.079674,41.216479,liaoyang
909,L,凌源,LY,119.401337,41.24548,lingyuan
1454,L,临江,LJ,126.919296,41.810689,linjiang
1461,L,龙井,LJ,129.425747,42.771029,longjing
809,L,梨树,LS,124.33564,43.307171,lishu
227,L,辽源,LY,125.143677,42.88805,liaoyuan
1450,L,柳河,LH,125.740536,42.281484,liuhe
1488,L,林甸,LD,124.877742,47.186411,lindian
1148,L,龙江,LJ,123.204826,47.337372,longjiang
1498,L,林口,LK,130.268402,45.286645,linkou
1480,L,萝北,LB,130.544574,47.429725,luobei
1147,L,兰西,LX,126.28788,46.252411,lanxi
852,L,溧阳,LY,119.484596,31.415859,liyang
89,L,连云港,LYG,119.222954,34.596691,lianyungang
853,L,涟水,LS,119.260887,33.780979,lianshui
1082,L,临海,LH,121.144951,28.8584,linhai
1106,L,兰溪,LX,119.46051,29.20838,lanxi
73,L,丽水,LS,119.922928,28.467199,lishui
1117,L,龙泉,LQ,119.141678,28.074341,longquan
1115,L,龙游,LY,119.172249,29.028271,longyou
456,L,庐江,LJ,117.287361,31.255671,lujiang
470,L,利辛,LX,116.208389,33.14484,lixin
1543,L,郎溪,LX,119.185024,31.127834,langxi
1539,L,来安,LA,118.433293,32.450231,laian
85,L,六安,LA,116.523239,31.73488,liuan
472,L,灵璧,LB,117.558548,33.54232,lingbi
462,L,临泉,LQ,115.25811,33.064571,linquan
1547,L,罗源,LY,119.552645,26.487234,luoyuan
510,L,连江,LJ,119.539574,26.197531,lianjiang
498,L,龙海,LH,117.81813,24.446581,longhai
181,L,龙岩,LY,117.01722,25.075041,longyan
1567,L,连城,LC,116.756687,25.708506,liancheng
873,L,乐平,LP,117.128998,28.961729,leping
1579,L,庐山,LS,116.043743,29.456169,lushan
897,L,龙南,LN,114.789932,24.911051,longnan
1574,L,莲花,LH,113.955582,27.127807,lianhua
1575,L,芦溪,LX,114.041206,27.633633,luxi
1609,L,黎川,LC,116.91457,27.292561,lichuan
1612,L,乐安,LA,115.838432,27.420101,lean
974,L,梁山,LS,116.09584,35.802399,liangshan
973,L,临朐,LQ,118.542999,36.51231,linqu
60,L,临沂,LY,118.356461,35.104649,linyi
938,L,兰陵,LL,118.070717,34.857288,lanling
955,L,临沭,LS,118.650627,34.919849,linshu
944,L,龙口,LK,120.478722,37.643452,longkou
949,L,莱州,LZ,119.942169,37.177021,laizhou
952,L,莱阳,LY,120.711807,36.978779,laiyang
84,L,聊城,LC,115.985489,36.45702,liaocheng
954,L,临清,LQ,115.70504,36.838341,linqing
1628,L,利津,LJ,118.248854,37.493365,lijin
391,L,莱芜,LW,117.676666,36.213589,laiwu
980,L,乐陵,LL,117.231712,37.72979,laoling
986,L,临邑,LY,116.8666,37.18998,linyi
993,L,陵县,LX,116.57634,37.335659,lingxian
948,L,莱西,LX,120.517769,36.888081,laixi
639,L,林州,LZ,113.819077,36.08308,linzhou
662,L,鲁山,LS,112.90802,33.738541,lushan
94,L,洛阳,LY,112.453613,34.618118,luoyang
1642,L,栾川,LC,111.618386,33.783195,luanchuan
1646,L,洛宁,LN,111.655399,34.387179,luoning
681,L,兰考,LK,114.821152,34.8223,lankao
643,L,鹿邑,LY,115.484428,33.860088,luyi
695,L,罗山,LS,114.513069,32.20314,luoshan
1665,L,卢氏,LS,111.052649,34.053995,lushi
659,L,灵宝,LB,110.894562,34.51685,lingbao
400,L,漯河,LH,114.016808,33.58149,luohe
649,L,临颍,LY,113.934433,33.809582,linying
1696,L,来凤,LF,109.408328,29.506945,laifeng
734,L,利川,LC,108.935951,30.29121,lichuan
737,L,罗田,LT,115.399429,30.78397,luotian
735,L,老河口,LHK,111.675072,32.386711,laohekou
750,L,浏阳,LY,113.643173,28.16378,liuyang
752,L,耒阳,LY,112.859879,26.42243,leiyang
798,L,临澧,LL,111.647346,29.440981,linli
767,L,澧县,LX,111.758682,29.633181,lixian
782,L,临湘,LX,113.450577,29.476839,linxiang
753,L,醴陵,LL,113.497032,27.64617,liling
143,L,娄底,LD,111.994583,27.697281,loudi
769,L,涟源,LY,111.664459,27.692711,lianyuan
779,L,冷水江,LSJ,111.435249,27.68615,lengshuijiang
762,L,隆回,LH,111.032494,27.114019,longhui
1717,L,蓝山,LS,112.194195,25.375255,lanshan
1712,L,临武,LW,112.564589,25.279119,linwu
799,L,龙山,LS,109.443871,29.457899,longshan
1729,L,泸溪,LX,110.214428,28.214516,luxi
1752,L,龙川,LC,115.256415,24.101174,longchuan
1753,L,连平,LP,114.495952,24.364227,lianping
1759,L,连山壮族瑶族自治县,LSZZYZZZX,112.086555,24.567271,lianshanzhuangzuyaozuzizhixian
1760,L,连南瑶族自治县,LNYZZZX,112.290808,24.719097,liannanyaozuzizhixian
1761,L,连州,LZ,112.379271,24.783966,lianzhou
532,L,陆丰,LF,115.644623,22.94511,lufeng
1751,L,陆河,LH,115.657565,23.302682,luhe
1746,L,龙门,LM,114.259986,23.723894,longmen
1739,L,乐昌,LC,113.352413,25.128445,lechang
538,L,廉江,LJ,110.286247,21.609619,lianjiang
541,L,雷州,LZ,110.096512,20.91444,leizhou
201,L,罗定,LD,111.570038,22.768299,luoding
1835,L,龙州,LZ,106.857502,22.343716,longzhou
1827,L,来宾,LB,109.229772,23.733766,laibin
1767,L,隆安,LA,107.688661,23.174763,longan
81,L,柳州,LZ,109.41552,24.32543,liuzhou
1773,L,柳城,LC,109.245812,24.655121,liucheng
1774,L,鹿寨,LZ,109.740805,24.483405,luzhai
1779,L,灵川,LC,110.325712,25.408541,lingchuan
1784,L,龙胜各族自治县,LSGZZZX,110.009423,25.796428,longshenggezuzizhixian
1787,L,荔浦,LP,110.400149,24.497786,lipu
1822,L,罗城仫佬族自治县,LCMLZZZX,108.902453,24.779327,luochengmulaozuzizhixian
1809,L,凌云,LY,106.56487,24.345643,lingyun
1810,L,乐业,LY,106.559638,24.782204,leye
1813,L,隆林各族自治县,LLGZZZX,105.342363,24.774318,longlingezuzizhixian
1797,L,灵山,LS,109.293468,22.418041,lingshan
1800,L,陆川,LC,110.264842,22.321054,luchuan
1146,L,陵水黎族自治县,LSLZZZX,110.037201,18.50596,lingshuilizuzizhixian
1847,L,乐东黎族自治县,LDLZZZX,109.175444,18.74758,ledonglizuzizhixian
584,L,临高,LG,109.690773,19.91243,lingao
1036,L,邻水,LS,106.930481,30.334579,linshui
1904,L,乐至,LZ,105.031142,30.275619,lezhi
1035,L,阆中,LZ,106.00499,31.558371,langzhong
1023,L,隆昌,LC,105.287727,29.339479,longchang
106,L,泸州,LZ,105.442574,28.8717,luzhou
1026,L,泸县,LX,105.381851,29.1516,luxian
1907,L,理县,LX,103.165486,31.436764,lixian
1921,L,泸定,LD,102.233225,29.912482,luding
1926,L,炉霍,LH,100.679495,31.392674,luhuo
1933,L,理塘,LT,100.269862,29.991807,litang
1861,L,罗江,LJ,104.507126,31.303281,luojiang
139,L,乐山,LS,103.765388,29.55221,leshan
1938,L,凉山彝族自治州,LSYZZZZ,102.258746,27.886762,liangshanyizuzizhizhou
1954,L,雷波,LB,103.571584,28.262946,leibo
1900,L,芦山,LS,102.924016,30.152907,lushan
2012,L,荔波,LB,107.8838,25.412239,libo
2017,L,罗甸,LD,106.750006,25.429894,luodian
2019,L,龙里,LL,106.977733,26.448809,longli
2004,L,黎平,LP,109.136504,26.230636,liping
2007,L,雷山,LS,108.079613,26.381027,leishan
441,L,六盘水,LPS,104.746681,26.68469,liupanshui
2039,L,龙陵,LL,98.693567,24.591912,longling
1063,L,陆良,LL,103.666832,25.029409,luliang
1064,L,罗平,LP,104.308701,24.88468,luoping
2063,L,临沧,LC,100.08697,23.886567,lincang
2026,L,禄劝彝族苗族自治县,LQYZMZZZX,102.46905,25.556533,luquanyizumiaozuzizhixian
2080,L,禄丰,LF,102.075694,25.14327,lufeng
2084,L,泸西,LX,103.759622,24.532368,luxi
2087,L,绿春,LC,102.39286,22.99352,lvchun
2061,L,澜沧拉祜族自治县,LCLHZZZX,99.931201,22.553083,lancanglahuzuzizhixian
2041,L,鲁甸,LD,103.549333,27.191637,ludian
2114,L,梁河,LH,98.298196,24.80742,lianghe
2116,L,陇川,LC,97.794441,24.184065,longchuan
2118,L,泸水,LS,98.854063,25.851142,lushui
2121,L,兰坪白族普米族自治县,LPBZPMZZZX,99.421378,26.453839,lanpingbaizupumizuzizhixian
155,L,丽江,LJ,100.227097,26.85648,lijiang
2138,L,拉孜,LZ,87.63743,29.085136,lazi
2155,L,类乌齐,LWQ,96.601259,31.213048,leiwuqi
2161,L,洛隆,LL,95.823418,30.741947,luolong
2171,L,洛扎,LZ,90.858243,28.385765,luozha
2173,L,隆子,LZ,92.463309,28.408548,longzi
2175,L,浪卡子,LQZ,90.398747,28.96836,langqiazi
2196,L,林芝,LZ,94.362348,29.654693,linzhi
2203,L,朗县,LX,93.073429,29.0446,langxian
232,L,拉萨,LS,91.114502,29.64415,lasa
2126,L,林周,LZ,91.261842,29.895754,linzhou
2256,L,略阳,LY,106.153899,33.329638,lueyang
2258,L,留坝,LB,106.924377,33.61334,liuba
2272,L,岚皋,LG,108.900663,32.31069,langao
2220,L,礼泉,LQ,108.428317,34.482583,liquan
2278,L,洛南,LN,110.145716,34.088502,luonan
2246,L,洛川,LC,109.435712,35.762133,luochuan
2212,L,陇县,LX,106.857066,34.893262,longxian
2214,L,麟游,LY,107.796608,34.677714,linyou
2204,L,蓝田,LT,109.317634,34.156189,lantian
2305,L,灵台,LT,107.620587,35.064009,lingtai
2325,L,陇西,LX,104.637554,35.003409,longxi
2327,L,临洮,LT,103.862186,35.376233,lintao
2330,L,陇南,LN,104.929379,33.388598,longnan
2336,L,礼县,LX,105.181616,34.189387,lixian
2338,L,两当,LD,106.306959,33.910729,liangdang
2339,L,临夏回族自治州,LXHZZZZ,103.212006,35.599446,linxiahuizuzizhizhou
525,L,临夏,LX,103.243172,35.6045,linxia
2340,L,临夏,LX,102.993873,35.49236,linxia
41,L,兰州,LZ,103.83417,36.06138,lanzhou
2349,L,临潭,LT,103.353054,34.69164,lintan
2354,L,碌曲,LQ,102.488495,34.589591,luqu
2301,L,临泽,LZ,100.166333,39.152151,linze
2401,L,冷湖行政委员会,LHXZWYH,93.335268,38.735768,lenghuxingzhengweiyuanhui
2412,L,隆德,LD,106.12344,35.618234,longde
2405,L,灵武,LW,106.334701,38.094058,lingwu
2438,L,轮台,LT,84.248542,41.781266,luntai
2476,L,洛浦,LP,80.184038,37.074377,luopu
1242,N,南皮,NP,116.709171,38.042439,nanpi
590,N,宁晋,NJ,114.919319,37.619801,ningjin
616,N,南宫,NG,115.408661,37.357948,nangong
1192,N,内丘,NQ,114.511523,37.287663,neiqiu
1195,N,南和,NH,114.691377,37.003812,nanhe
1309,N,宁武,NW,112.307936,39.001718,ningwu
1363,N,奈曼旗,NMQ,120.662543,42.84685,naimanqi
1357,N,宁城,NC,119.339242,41.598692,ningcheng
815,N,农安,NA,125.18512,44.43195,nongan
703,N,嫩江,NJ,125.22094,49.185719,nenjiang
706,N,讷河,NH,124.883972,48.484192,nehe
1501,N,宁安,NA,129.470019,44.346836,ningan
39,N,南通,NT,120.893707,31.97958,nantong
6,N,南京,NJ,118.504669,31.84178,nanjing
18,N,宁波,NB,121.55027,29.873859,ningbo
1090,N,宁海,NH,121.429611,29.288071,ninghai
1528,N,南陵,NL,118.337104,30.919638,nanling
480,N,宁国,NG,118.98336,30.63364,ningguo
1172,N,宁化,NH,116.659725,26.259932,ninghua
271,N,宁德,ND,119.548187,26.66571,ningde
495,N,南安,NA,118.386269,24.9604,nanan
1559,N,南靖,NJ,117.365462,24.516425,nanjing
117,N,南平,NP,118.12043,27.33175,nanping
25,N,南昌,NC,115.857941,28.68202,nanchang
1572,N,南昌,NC,115.942465,28.543781,nanchang
881,N,宁都,ND,116.009407,26.47019,ningdu
1608,N,南城,NC,116.63945,27.55531,nancheng
1610,N,南丰,NF,116.532994,27.210132,nanfeng
967,N,宁阳,NY,116.807266,35.759609,ningyang
1634,N,宁津,NJ,116.79372,37.649619,ningjin
1658,N,南乐,NL,115.204336,36.075204,nanle
260,N,南阳,NY,112.528511,32.99073,nanyang
687,N,南召,NZ,112.429138,33.489792,nanzhao
691,N,内乡,NX,111.849258,33.04483,neixiang
1650,N,内黄,NH,114.904582,35.953702,neihuang
1668,N,宁陵,NL,115.320055,34.449299,ningling
742,N,南漳,NZ,111.83902,31.77471,nanzhang
765,N,南县,NX,112.396362,29.36162,nanxian
771,N,宁远,NY,111.94445,25.569189,ningyuan
1740,N,南雄,NX,114.311231,25.115328,nanxiong
1741,N,南澳,NA,117.027105,23.419562,nanao
1834,N,宁明,NM,107.067616,22.131353,ningming
45,N,南宁,NN,108.366898,22.81673,nanning
1818,N,南丹,ND,107.546605,24.983192,nandan
1808,N,那坡,NP,105.833553,23.400785,napo
1841,N,南沙群岛,NSQD,114.226028,7.752668,nanshaqundao
1903,N,南江,NJ,106.843418,32.353164,nanjiang
99,N,南充,NC,106.110733,30.837311,nanchong
1033,N,南部,NB,106.067337,31.353161,nanbu
104,N,内江,NJ,105.058441,29.580151,neijiang
1944,N,宁南,NN,102.757374,27.065205,ningnan
579,N,纳雍,NY,105.38269,26.7777,nayong
2074,N,南华,NH,101.274991,25.192408,nanhua
2054,N,宁洱哈尼族彝族自治县,NEHNZYZZZX,101.04524,23.062507,ningerhanizuyizuzizhixian
2104,N,南涧彝族自治县,NJYZZZX,100.518683,25.041279,nanjianyizuzizhixian
2117,N,怒江傈僳族自治州,NJLSZZZZ,98.85928,25.80574,nujianglisuzuzizhizhou
2053,N,宁蒗彝族自治县,NLYZZZX,100.852427,27.281109,ninglangyizuzizhixian
2134,N,南木林,NML,89.099434,29.680459,nanmulin
2148,N,聂拉木,NLM,85.981953,28.15595,nielamu
2164,N,乃东,ND,91.76525,29.236106,naidong
2176,N,那曲,NQ,92.05808,31.47694,naqu
2177,N,那曲,NQ,92.05808,31.47694,naqu
2180,N,聂荣,NR,92.303659,32.107855,nierong
2186,N,尼玛,NM,87.236646,31.784979,nima
2128,N,尼木,NM,90.165545,29.431346,nimu
2255,N,宁强,NQ,106.25739,32.830806,ningqiang
2270,N,宁陕,NS,108.313714,33.312184,ningshan
2321,N,宁县,NX,107.921182,35.50201,ningxian
2393,N,囊谦,NQ,96.479797,32.203206,nangqian
2489,N,尼勒克,NLK,82.504119,43.789737,nileke
63,Q,秦皇岛,QHD,119.59964,39.935452,qinhuangdao
1661,Q,青龙满族自治县,QLMZZZX,118.954555,40.406023,qinglongmanzuzizhixian
378,Q,迁安,QA,118.700729,39.99836,qianan
1986,Q,迁西,QX,118.305139,40.146238,qianxi
1212,Q,曲阳,QY,114.704055,38.619992,quyang
1185,Q,邱县,QX,115.168584,36.81325,qiuxian
1189,Q,曲周,QZ,114.957588,36.773398,quzhou
611,Q,青县,QX,116.803177,38.583481,qingxian
615,Q,清河,QH,115.667183,37.039928,qinghe
1259,Q,清徐,QX,112.357961,37.60729,qingxu
1296,Q,祁县,QX,112.330532,37.358739,qixian
1317,Q,曲沃,QW,111.475529,35.641387,quwo
1283,Q,沁水,QS,112.187213,35.689472,qinshui
1280,Q,沁县,QX,112.70138,36.757123,qinxian
1281,Q,沁源,QY,112.340878,36.500777,qinyuan
1346,Q,清水河,QSH,111.67222,39.912479,qingshuihe
1426,Q,清原满族自治县,QYMZZZX,124.927192,42.10135,qingyuanmanzuzizhixian
1455,Q,前郭尔罗斯蒙古族自治县,QGELSMGZZZX,124.826808,45.116288,qianguoerluosimengguzuzizhixian
1456,Q,乾安,QA,124.024361,45.006846,qianan
91,Q,齐齐哈尔,QQHE,123.917961,47.354309,qiqihaer
698,Q,七台河,QTH,131.003067,45.770649,qitaihe
1507,Q,青冈,QG,126.112268,46.686596,qinggang
1508,Q,庆安,QA,127.510024,46.879203,qingan
836,Q,启东,QD,121.657867,31.80805,qidong
1114,Q,青田,QT,120.289551,28.13987,qingtian
1525,Q,庆元,QY,119.067233,27.618231,qingyuan
182,Q,衢州,QZ,118.874191,28.935921,quzhou
492,Q,潜山,QS,116.581329,30.631069,qianshan
491,Q,全椒,QJ,118.273033,32.0853,quanjiao
1538,Q,祁门,QM,117.717237,29.853472,qimen
1150,Q,青阳,QY,117.847488,30.639351,qingyang
1552,Q,清流,QL,116.815821,26.17761,qingliu
102,Q,泉州,QZ,118.675873,24.87389,quanzhou
1591,Q,全南,QN,114.531589,24.742651,quannan
957,Q,曲阜,QF,116.986481,35.580818,qufu
943,Q,青州,QZ,118.47966,36.684559,qingzhou
989,Q,栖霞,QX,120.84977,37.335049,qixia
1635,Q,庆云,QY,117.390507,37.777724,qingyun
956,Q,齐河,QH,116.760017,36.794922,qihe
28,Q,青岛,QD,120.382988,36.066231,qingdao
1657,Q,清丰,QF,115.107287,35.902413,qingfeng
666,Q,沁阳,QY,112.9506,35.087601,qinyang
651,Q,杞县,QX,114.782829,34.550339,qixian
1672,Q,确山,QS,114.026679,32.801538,queshan
1651,Q,淇县,QX,114.200379,35.609478,qixian
445,Q,潜江,QJ,112.8993,30.40147,qianjiang
730,Q,蕲春,QC,115.436211,30.22617,qichun
755,Q,祁东,QD,112.090431,26.79965,qidong
764,Q,祁阳,QY,111.840149,26.58012,qiyang
371,Q,清远,QY,113.056152,23.682011,qingyuan
1780,Q,全州,QZ,111.072989,25.929897,quanzhou
157,Q,钦州,QZ,108.654312,21.9797,qinzhou
278,Q,琼海,QH,110.47464,19.258381,qionghai
1849,Q,琼中黎族苗族自治县,QZLZMZZZX,109.839996,19.03557,qiongzhonglizumiaozuzizhixian
1868,Q,青川,QC,105.238847,32.585655,qingchuan
1883,Q,青神,QS,103.846131,29.831469,qingshen
1020,Q,渠县,QX,106.972992,30.836639,quxian
1042,Q,邛崃,QL,103.464363,30.41032,qionglai
573,Q,黔西,QX,106.032303,27.008659,qianxi
1958,Q,清镇,QZ,106.470278,26.551289,qingzhen
1175,Q,黔南布依族苗族自治州,QNBYZMZZZZ,107.517156,26.258219,qiannanbuyizumiaozuzizhizhou
1176,Q,黔东南苗族侗族自治州,QDNMZDZZZZ,107.977488,26.583352,qiandongnanmiaozudongzuzizhizhou
1177,Q,黔西南布依族苗族自治州,QXNBYZMZZZZ,104.897971,25.08812,qianxinanbuyizumiaozuzizhizhou
1989,Q,晴隆,QL,105.218773,25.832881,qinglong
265,Q,曲靖,QJ,103.796249,25.490021,qujing
2042,Q,巧家,QJ,102.929284,26.9117,qiaojia
2094,Q,丘北,QB,104.194366,24.040982,qiubei
2168,Q,琼结,QJ,91.683753,29.025242,qiongjie
2169,Q,曲松,QS,92.201066,29.063656,qusong
2129,Q,曲水,QS,90.738051,29.349895,qushui
2266,Q,清涧,QJ,110.12146,37.087702,qingjian
2219,Q,乾县,QX,108.247406,34.527261,qianxian
2209,Q,岐山,QS,107.624464,34.44296,qishan
2213,Q,千阳,QY,107.132987,34.642584,qianyang
2291,Q,清水,QS,106.139878,34.75287,qingshui
2292,Q,秦安,QA,105.6733,34.862354,qinan
341,Q,庆阳,QY,107.642921,35.709782,qingyang
2316,Q,庆城,QC,107.885664,36.013504,qingcheng
2367,Q,祁连,QL,100.249778,38.175409,qilian
2394,Q,曲麻莱,QML,95.800674,34.12654,qumalai
2409,Q,青铜峡,QTX,106.075395,38.021509,qingtongxia
2429,Q,奇台,QT,89.591437,44.021996,qitai
2441,Q,且末,QM,85.532629,38.138562,qiemo
2504,Q,青河,QH,90.381561,46.672446,qinghe
1232,P,平泉,PQ,118.690238,41.00561,pingquan
1199,P,平乡,PX,115.029218,37.069404,pingxiang
5648,P,平山,PS,114.209289,38.254488,pingshan
1316,P,偏关,PG,111.500477,39.442153,pianguan
1005,P,平遥,PY,112.175568,37.189339,pingyao
1304,P,平陆,PL,111.212377,34.837256,pinglu
1328,P,蒲县,PX,111.09733,36.411682,puxian
1270,P,平定,PD,113.631049,37.800289,pingding
1275,P,平顺,PS,113.438791,36.200202,pingshun
340,P,盘锦,PJ,122.070778,41.119961,panjin
1437,P,盘山,PS,121.98528,41.240701,panshan
810,P,磐石,PS,126.060463,42.946621,panshi
827,P,邳州,PZ,118.012459,34.335201,pizhou
830,P,沛县,PX,116.9375,34.721661,peixian
1093,P,平阳,PY,120.565948,27.6621,pingyang
1088,P,平湖,PH,121.01606,30.67585,pinghu
1099,P,浦江,PJ,119.892059,29.452511,pujiang
1518,P,磐安,PA,120.44513,29.052627,panan
1550,P,平潭,PT,119.791197,25.503672,pingtan
1569,P,屏南,PN,118.987544,26.910826,pingnan
516,P,平和,PH,117.315872,24.36344,pinghe
520,P,浦城,PC,118.541382,27.91721,pucheng
180,P,莆田,PT,119.007713,25.454,putian
1581,P,彭泽,PZ,116.55584,29.898865,pengze
870,P,鄱阳,PY,116.70343,29.00563,poyang
150,P,萍乡,PX,113.854271,27.62289,pingxiang
1623,P,平阴,PY,116.455054,36.286923,pingyin
951,P,平邑,PY,117.64048,35.505871,pingyi
1630,P,蓬莱,PL,120.762689,37.811168,penglai
1636,P,平原,PY,116.433904,37.164465,pingyuan
933,P,平度,PD,119.959938,36.786701,pingdu
374,P,濮阳,PA,115.498688,35.895161,puyang
1178,P,濮阳,PY,115.023844,35.710349,puyang
269,P,平顶山,PDS,113.192413,33.76609,pingdingshan
664,P,平舆,PY,114.619408,32.96183,pingyu
757,P,平江,PJ,113.581337,28.70203,pingjiang
1749,P,平远,PY,115.891729,24.569651,pingyuan
529,P,普宁,PN,116.165688,23.297359,puning
1838,P,凭祥,PX,106.759038,22.108882,pingxiang
1786,P,平乐,PL,110.642821,24.632216,pingle
1805,P,平果,PG,107.580403,23.320479,pingguo
1798,P,浦北,PB,109.556341,22.268335,pubei
569,P,平南,PN,110.392151,23.53919,pingnan
1854,P,彭水苗族土家族自治县,PSMZTJZZZX,108.166551,29.293856,pengshuimiaozutujiazuzizhixian
1871,P,蓬溪,PX,105.713699,30.774883,pengxi
315,P,攀枝花,PZH,101.718719,26.582279,panzhihua
1034,P,平昌,PC,107.103577,31.560539,pingchang
1866,P,平武,PW,104.530555,32.407588,pingwu
1041,P,蓬安,PA,106.4123,31.028601,pengan
1891,P,屏山,PS,104.162617,28.64237,pingshan
1945,P,普格,PG,102.541082,27.376828,puge
1029,P,彭州,PZ,103.958107,30.990179,pengzhou
1855,P,蒲江,PJ,103.511541,30.194359,pujiang
1972,P,普定,PD,105.745609,26.305794,puding
2016,P,平塘,PT,107.32405,25.831803,pingtang
1988,P,普安,PA,104.955347,25.786404,puan
578,P,盘县,PX,104.471581,25.70993,panxian
2082,P,屏边苗族自治县,PBMZZZX,103.687229,22.987013,pingbianmiaozuzizhixian
294,P,普洱,PE,100.96624,22.825211,puer
2189,P,普兰,PL,81.177588,30.291896,pulan
2273,P,平利,PL,109.361865,32.387933,pingli
2233,P,蒲城,PC,109.589653,34.956034,pucheng
524,P,平凉,PL,106.665298,35.54303,pingliang
2414,P,彭阳,PY,106.641512,35.849975,pengyang
2406,P,平罗,PL,106.54489,38.90674,pingluo
2475,P,皮山,PS,78.282301,37.616332,pishan
609,S,深州,SZ,115.560013,38.000221,shenzhou
347,S,三河,SH,117.078217,39.98246,sanhe
1140,S,顺平,SP,115.135429,38.837589,shunping
1221,S,尚义,SY,113.977713,41.080091,shangyi
605,S,涉县,SX,113.691422,36.584949,shexian
1241,S,肃宁,SN,115.835856,38.427102,suning
604,S,沙河,SH,114.503319,36.85516,shahe
31,S,石家庄,SJZ,114.514297,38.042759,shijiazhuang
1582,S,深泽,SZ,115.200207,38.18454,shenze
1311,S,神池,SC,112.200438,39.088467,shenchi
1337,S,石楼,SL,110.837119,36.999426,shilou
392,S,朔州,SZ,112.431808,39.331589,shuozhou
1286,S,山阴,SY,112.816396,39.52677,shanyin
1294,S,寿阳,SY,113.177708,37.891136,shouyang
1406,S,苏尼特左旗,SNTZQ,113.653412,43.854108,sunitezuoqi
1407,S,苏尼特右旗,SNTYQ,112.65539,42.746662,suniteyouqi
1389,S,商都,SD,113.560643,41.560163,shangdu
1395,S,四子王旗,SZWQ,111.70123,41.528114,siziwangqi
16,S,沈阳,SY,123.432358,41.80563,shenyang
910,S,绥中,SZ,120.344307,40.325649,suizhong
361,S,松原,SY,124.82515,45.141102,songyuan
808,S,舒兰,SL,126.965317,44.405861,shulan
171,S,四平,SP,124.350357,43.166458,siping
819,S,双辽,SL,123.50296,43.518452,shuangliao
1504,S,孙吴,SW,127.327315,49.423941,sunwu
1499,S,绥芬河,SFH,131.164856,44.396864,suifenhe
1481,S,绥滨,SB,131.860526,47.289892,suibin
699,S,双鸭山,SYS,131.159103,46.64658,shuangyashan
228,S,绥化,SH,126.969322,46.652458,suihua
1163,S,绥棱,SL,127.114777,47.236092,suiling
702,S,尚志,SZ,127.960274,45.211021,shangzhi
1,S,上海,SH,121.473701,31.23037,shanghai
8,S,苏州,SZ,120.583191,31.29834,suzhou
845,S,射阳,SY,120.258148,33.77496,sheyang
206,S,宿迁,SQ,118.27549,33.961929,suqian
826,S,沭阳,SY,118.804062,34.112148,shuyang
847,S,泗洪,SH,118.21624,33.459,sihong
849,S,泗阳,SY,118.703346,33.721008,siyang
1521,S,嵊泗,SS,122.457809,30.727166,shengsi
1113,S,三门,SM,121.395683,29.10467,sanmen
69,S,绍兴,SX,120.5802,30.030331,shaoxing
1094,S,嵊州,SZ,120.821701,29.58849,shengzhou
1522,S,遂昌,SC,119.27589,28.5924,suichang
1523,S,松阳,SY,119.485292,28.449937,songyang
458,S,寿县,SX,116.787079,32.573318,shouxian
1533,S,宿松,SS,116.120204,30.158327,susong
467,S,舒城,SC,116.9487,31.46209,shucheng
135,S,宿州,SZ,116.963913,33.646141,suzhou
1540,S,泗县,SX,117.885443,33.47758,sixian
1535,S,歙县,SX,118.428025,29.867748,shexian
473,S,濉溪,SX,116.766197,33.915371,suixi
1542,S,石台,ST,117.482907,30.210324,shitai
270,S,三明,SM,117.639221,26.263849,sanming
1160,S,沙县,SX,117.792679,26.39617,shaxian
1570,S,寿宁,SN,119.506733,27.457798,shouning
329,S,石狮,SS,118.648048,24.73172,shishi
513,S,邵武,SW,117.492531,27.340361,shaowu
1561,S,顺昌,SC,117.80771,26.792851,shunchang
1563,S,松溪,SX,118.783491,27.525785,songxi
1565,S,上杭,SH,116.424774,25.050019,shanghang
97,S,上饶,SR,117.943573,28.45463,shangrao
1617,S,上饶,SR,117.90612,28.453897,shangrao
1604,S,上高,SG,114.932653,28.234789,shanggao
1587,S,上犹,SY,114.540537,25.794284,shangyou
1593,S,石城,SC,116.342249,26.326582,shicheng
889,S,上栗,SL,113.795372,27.880421,shangli
1598,S,遂川,SC,114.51689,26.323705,suichuan
1625,S,商河,SH,117.156369,37.310544,shanghe
1632,S,泗水,SS,117.273605,35.653216,sishui
932,S,寿光,SG,118.790977,36.855412,shouguang
947,S,莘县,SX,115.670723,36.233608,shenxian
937,S,单县,SX,116.087242,34.79438,shanxian
658,S,社旗,SQ,112.947929,33.056141,sheqi
1643,S,嵩县,SX,112.087765,34.131563,songxian
646,S,沈丘,SQ,115.098557,33.409401,shenqiu
656,S,商水,SS,114.611649,33.542561,shangshui
1671,S,商城,SC,115.406297,31.799982,shangcheng
253,S,商丘,SQ,115.656349,34.414268,shangqiu
631,S,上蔡,SC,114.264351,33.26255,shangcai
1673,S,遂平,SP,114.00371,33.14698,suiping
401,S,三门峡,SMX,111.200302,34.77261,sanmenxia
383,S,随州,SZ,113.382622,31.69013,suizhou
747,S,随县,SX,113.29995,31.8538,suixian
721,S,松滋,SZ,111.767433,30.1696,songzi
733,S,石首,SS,112.425499,29.72085,shishou
748,S,沙洋,SY,112.588539,30.709181,shayang
196,S,十堰,SY,110.79801,32.62918,shiyan
5584,S,神农架林区,SNJLQ,110.5723,31.33525,shennongjialinqu
1710,S,桑植,SZ,110.164039,29.399939,sangzhi
790,S,石门,SM,111.379822,29.584129,shimen
791,S,双峰,SF,112.193916,27.45702,shuangfeng
173,S,邵阳,SY,111.467697,27.238899,shaoyang
1706,S,邵阳,SY,111.2757,26.989713,shaoyang
1707,S,绥宁,SN,110.155075,26.580622,suining
754,S,邵东,SD,111.744461,27.25844,shaodong
1715,S,双牌,SP,111.662146,25.959397,shuangpai
1703,S,韶山,SS,112.52848,27.922682,shaoshan
11,S,深圳,SZ,114.059563,22.54286,shenzhen
544,S,汕尾,SW,115.375137,22.78566,shanwei
542,S,四会,SH,112.734039,23.327431,sihui
72,S,韶关,SG,113.597229,24.81039,shaoguan
1734,S,始兴,SX,114.067205,24.948364,shixing
560,S,遂溪,SX,110.250061,21.377081,suixi
200,S,汕头,ST,116.682213,23.3535,shantou
1795,S,上思,SS,107.982139,22.151423,shangsi
1769,S,上林,SL,108.603937,23.431769,shanglin
1777,S,三江侗族自治县,SJDZZZX,109.614846,25.78553,sanjiangdongzuzizhixian
1839,S,三沙,SS,112.33356,16.83272,sansha
165,S,三亚,SY,109.512093,18.25248,sanya
1851,S,石柱土家族自治县,SZTJZZZX,108.112448,29.99853,shizhutujiazuzizhixian
291,S,遂宁,SN,105.592728,30.53286,suining
1016,S,射洪,SH,105.388359,30.87113,shehong
1040,S,三台,ST,105.094589,31.095631,santai
1909,S,松潘,SP,103.599177,32.63838,songpan
1931,S,石渠,SQ,98.100887,32.975302,shiqu
1932,S,色达,SD,100.331657,32.268777,seda
1048,S,什邡,SF,104.166939,31.127359,shifang
1898,S,石棉,SM,102.35962,29.234063,shimian
1962,S,绥阳,SY,107.191024,27.951342,suiyang
2021,S,三都水族自治县,SDSZZZX,107.87747,25.985183,sandushuizuzizhixian
1996,S,施秉,SB,108.12678,27.034657,shibing
1997,S,三穗,SS,108.681121,26.959884,sansui
1959,S,水城,SC,104.95685,26.540478,shuicheng
1980,S,石阡,SQ,108.229854,27.519386,shiqian
1981,S,思南,SN,108.255827,27.941331,sinan
1985,S,松桃苗族自治县,STMZZZX,109.202627,28.165419,songtaomiaozuzizhixian
2038,S,施甸,SD,99.183758,24.730847,shidian
2029,S,师宗,SZ,103.993808,24.825681,shizong
2068,S,双江拉祜族佤族布朗族傣族自治县,SJLHZWZBLZDZZZX,99.824419,23.477476,shuangjianglahuzuwazubulangzudaizuzizhixian
2024,S,石林彝族自治县,SLYZZZX,103.271962,24.754545,shilinyizuzizhixian
2025,S,嵩明,SM,103.038777,25.335087,songming
2072,S,双柏,SB,101.63824,24.685094,shuangbai
2083,S,石屏,SP,102.484469,23.712569,shiping
2049,S,水富,SF,104.415376,28.629688,shuifu
2046,S,绥江,SJ,103.961095,28.599953,suijiang
2137,S,萨迦,SJ,88.023007,28.901077,sajia
2149,S,萨嘎,SG,85.234622,29.328194,saga
2163,S,山南,SN,91.766529,29.236023,shannan
2167,S,桑日,SR,92.015732,29.259774,sangri
2182,S,申扎,SZ,88.709777,30.929056,shenzha
2183,S,索县,SX,93.784964,31.886173,suoxian
2187,S,双湖,SH,88.837642,33.188515,shuanghu
2269,S,石泉,SQ,108.250512,33.038512,shiquan
2262,S,绥德,SD,110.265377,37.507701,suide
1009,S,神木,SM,110.498962,38.842388,shenmu
2217,S,三原,SY,108.943481,34.613996,sanyuan
2277,S,商洛,SL,109.939776,33.868319,shangluo
2280,S,商南,SN,110.885437,33.526367,shangnan
2281,S,山阳,SY,109.880435,33.530411,shanyang
2312,S,肃北蒙古族自治县,SBMGZZZX,94.87728,39.51224,subeimengguzuzizhixian
2299,S,肃南裕固族自治县,SNYGZZZX,99.617086,38.837269,sunanyuguzuzizhixian
2303,S,山丹,SD,101.088442,38.784839,shandan
921,S,石嘴山,SZS,106.384178,38.9841,shizuishan
258,S,石河子,SHZ,86.078934,44.30653,shihezi
5895,S,双河,SH,82.353656,44.840524,shuanghe
2420,S,鄯善,SS,90.212692,42.865503,shanshan
2448,S,沙雅,SY,82.78077,41.226268,shaya
2460,S,疏附,SF,75.863075,39.378306,shufu
2461,S,疏勒,SL,76.053653,39.399461,shule
2464,S,莎车,SC,77.248884,38.414499,shache
2494,S,沙湾,SW,85.622508,44.329544,shawan
1251,R,饶阳,RY,115.726577,38.232671,raoyang
1208,R,容城,RC,115.866247,39.05282,rongcheng
351,R,任丘,RQ,116.099541,38.711639,renqiu
1194,R,任县,RX,114.684469,37.129952,renxian
1305,R,芮城,RC,110.69114,34.694769,ruicheng
1485,R,饶河,RH,134.021162,46.801288,raohe
828,R,如皋,RG,120.573822,32.371601,rugao
832,R,如东,RD,121.18502,32.329559,rudong
1076,R,瑞安,RA,120.655182,27.778379,ruian
1171,R,瑞昌,RC,115.669081,29.676599,ruichang
880,R,瑞金,RJ,116.027092,25.88562,ruijin
953,R,荣成,RC,122.486282,37.16523,rongcheng
972,R,乳山,RS,121.540199,36.920212,rushan
58,R,日照,RZ,119.527191,35.416458,rizhao
629,R,汝州,RZ,112.844368,34.167171,ruzhou
1644,R,汝阳,RY,112.473789,34.15323,ruyang
665,R,汝南,RN,114.362289,33.006851,runan
1713,R,汝城,RC,113.685686,25.553759,rucheng
1735,R,仁化,RH,113.748627,25.088226,renhua
1737,R,乳源瑶族自治县,RYYZZZX,113.278417,24.776109,ruyuanyaozuzizhixian
540,R,饶平,RP,117.003899,23.66412,raoping
1775,R,融安,RA,109.403621,25.214703,rongan
1776,R,融水苗族自治县,RSMZZZX,109.252744,25.068812,rongshuimiaozuzizhixian
1799,R,容县,RX,110.552467,22.856435,rongxian
1027,R,仁寿,RS,104.134071,29.99572,renshou
1046,R,荣县,RX,104.417664,29.4445,rongxian
1915,R,壤塘,RT,100.979136,32.264887,rangtang
1917,R,若尔盖,REG,102.963726,33.575934,ruoergai
577,R,仁怀,RH,106.401558,27.792339,renhuai
2005,R,榕江,RJ,108.521026,25.931085,rongjiang
2112,R,瑞丽,RL,97.855883,24.010734,ruili
2133,R,日喀则,RKZ,88.884348,29.261454,rikaze
2142,R,仁布,RB,89.843207,29.230299,renbu
2192,R,日土,RT,79.731937,33.382454,ritu
2440,R,若羌,RQ,88.168807,39.023807,ruoqiang
5,T,天津,TJ,117.199371,39.085098,tianjin
87,T,唐山,TS,118.18058,39.630482,tangshan
1206,T,唐县,TX,115.003206,38.759914,tangxian
43,T,太原,TY,112.550667,37.87059,taiyuan
1295,T,太谷,TG,112.554103,37.424595,taigu
1264,T,天镇,TZ,114.09112,40.421336,tianzhen
1274,T,屯留,TL,112.892741,36.314072,tunliu
268,T,通辽,TL,122.24469,43.65247,tongliao
1164,T,土默特右旗,TMTYQ,110.524208,40.568829,tumoteyouqi
1343,T,土默特左旗,TMTZQ,111.133615,40.720416,tumotezuoqi
1344,T,托克托,TKT,111.197317,40.276729,tuoketuo
1402,T,突泉,TQ,121.564856,45.380986,tuquan
1410,T,太仆寺旗,TPSQ,115.28728,41.895199,taipusiqi
1422,T,台安,TA,122.429736,41.38686,taian
382,T,铁岭,TL,123.842407,42.286201,tieling
1438,T,铁岭,TL,123.77555,42.22454,tieling
1460,T,图们,TM,129.846701,42.966621,tumen
823,T,洮南,TN,122.786346,45.33559,taonan
1459,T,通榆,TY,123.088543,44.80915,tongyu
239,T,通化,TH,125.939903,41.728291,tonghua
1449,T,通化,TH,125.753121,41.677918,tonghua
1493,T,汤原,TY,129.904463,46.730048,tangyuan
1495,T,同江,TJ,132.510119,47.651131,tongjiang
1471,T,泰来,TL,123.41953,46.39233,tailai
707,T,铁力,TL,128.032425,46.986641,tieli
1513,T,塔河,TH,124.710516,52.335229,tahe
1468,T,通河,TH,128.747786,45.977618,tonghe
842,T,太仓,TC,121.129753,31.45911,taicang
93,T,泰州,TZ,119.925537,32.45546,taizhou
113,T,泰兴,TX,120.052002,32.171909,taixing
1517,T,泰顺,TS,119.71624,27.557309,taishun
52,T,台州,TZ,121.420563,28.656111,taizhou
1108,T,天台,TT,121.007278,29.14304,tiantai
1084,T,桐乡,TX,120.564323,30.630739,tongxiang
1104,T,桐庐,TL,119.691498,29.793171,tonglu
65,T,铜陵,TL,117.742203,30.908871,tongling
1531,T,铜陵,TL,117.801108,30.961778,tongling
474,T,桐城,TC,116.974159,31.035851,tongcheng
1532,T,太湖,TH,116.305225,30.451869,taihu
461,T,天长,TC,119.003548,32.689449,tianchang
454,T,太和,TH,115.622032,33.160259,taihe
1555,T,泰宁,TN,117.177522,26.897995,taining
1607,T,铜鼓,TG,114.37014,28.520956,tonggu
894,T,泰和,TH,114.908867,26.78993,taihe
923,T,滕州,TZ,117.165962,35.11338,tengzhou
942,T,郯城,TC,118.367172,34.613571,tancheng
74,T,泰安,TA,117.088402,36.19994,taian
1660,T,台前,TQ,115.855681,35.996474,taiqian
622,T,唐河,TH,112.807449,32.681171,tanghe
1667,T,桐柏,TB,113.409207,32.369268,tongbai
1649,T,汤阴,TY,114.362357,35.922349,tangyin
694,T,通许,TX,114.467407,34.480438,tongxu
638,T,太康,TK,114.837791,34.063789,taikang
710,T,天门,TM,113.166138,30.663389,tianmen
1686,T,团风,TF,114.872029,30.63569,tuanfeng
1689,T,通城,TC,113.814131,29.246076,tongcheng
1690,T,通山,TS,114.493163,29.604455,tongshan
766,T,桃江,TJ,112.155708,28.51819,taojiang
776,T,桃源,TY,111.48893,28.90259,taoyuan
1727,T,通道侗族自治县,TDDZZZX,109.783359,26.158349,tongdaodongzuzizhixian
539,T,台山,TS,112.7939,22.25156,taishan
1837,T,天等,TD,107.142441,23.082484,tiandeng
1819,T,天峨,TE,107.174939,24.985964,tiane
1803,T,田阳,TY,106.904315,23.736079,tianyang
1804,T,田东,TD,107.12426,23.600444,tiandong
1811,T,田林,TL,106.235047,24.290262,tianlin
1790,T,藤县,TX,110.931826,23.373963,tengxian
585,T,屯昌,TC,110.10347,19.35182,tunchang
1902,T,通江,TJ,107.247621,31.91212,tongjiang
1899,T,天全,TQ,102.763462,30.059955,tianquan
1961,T,桐梓,TZ,106.826591,28.131559,tongzi
2000,T,天柱,TZ,109.212798,26.909684,tianzhu
2003,T,台江,TJ,108.314637,26.669138,taijiang
226,T,铜仁,TR,109.180992,27.69066,tongren
1074,T,腾冲,TC,98.490967,25.020531,tengchong
2032,T,通海,TH,102.760039,24.112205,tonghai
2229,T,潼关,TG,110.24726,34.544515,tongguan
1008,T,铜川,TC,108.945152,34.896729,tongchuan
2216,T,太白,TB,107.316533,34.059215,taibai
2298,T,天祝藏族自治县,TZZZZZX,103.142034,36.971678,tianzhuzangzuzizhixian
2324,T,通渭,TW,105.250102,35.208922,tongwei
298,T,天水,TS,105.724861,34.580849,tianshui
2371,T,同仁,TR,102.017604,35.516337,tongren
2377,T,同德,TD,100.579465,35.254492,tongde
2399,T,天峻,TJ,99.02546,37.29494,tianjun
2408,T,同心,TX,105.914764,36.9829,tongxin
5898,T,铁门关,TMG,85.501218,41.827251,tiemenguan
2418,T,吐鲁番,TLF,89.184078,42.947613,tulufan
2421,T,托克逊,TKX,88.655771,42.793536,tuokexun
2470,T,塔什库尔干塔吉克自治县,TSKEGTJKZZX,75.228068,37.775437,tashikuergantajikezizhixian
2488,T,特克斯,TKS,81.840058,43.214861,tekesi
2490,T,塔城地区,TCDQ,82.985732,46.746301,tachengdiqu
2491,T,塔城,TC,82.983988,46.746281,tacheng
2495,T,托里,TL,83.60469,45.935863,tuoli
2507,T,图木舒克,TMSK,79.077978,39.867316,tumushuke
5905,T,台北,TB,121.520076,25.030724,taibei
1249,W,武邑,WY,115.892415,37.803774,wuyi
1250,W,武强,WQ,115.970236,38.03698,wuqiang
602,W,文安,WA,116.458481,38.87328,wenan
1210,W,望都,WD,115.154009,38.707448,wangdu
363,W,武安,WA,114.203758,36.696709,wuan
588,W,魏县,WX,114.93882,36.359909,weixian
1237,W,围场满族蒙古族自治县,WCMZMGZZZX,117.764086,41.949404,weichangmanzumengguzuzizhixian
1243,W,吴桥,WQ,116.391512,37.628182,wuqiao
1200,W,威县,WX,115.272749,36.983272,weixian
5013,W,无极,WJ,114.977845,38.176376,wuji
1307,W,五台,WT,113.259012,38.725711,wutai
1312,W,五寨,WZ,111.841015,38.912761,wuzhai
1332,W,文水,WS,112.032595,37.436314,wenshui
1298,W,万荣,WR,110.843561,35.417042,wanrong
1007,W,闻喜,WX,111.224716,35.356628,wenxi
1279,W,武乡,WX,112.8653,36.834315,wuxiang
1347,W,武川,WC,111.456563,41.094483,wuchuan
916,W,乌兰浩特,WLHT,122.093163,46.072819,wulanhaote
393,W,乌海,WH,106.795464,39.653839,wuhai
394,W,乌兰察布,WLCB,113.133759,40.993912,wulanchabu
1369,W,乌审旗,WSQ,108.840927,38.603703,wushenqi
1381,W,五原,WY,108.270658,41.097639,wuyuan
1383,W,乌拉特前旗,WLTQQ,108.656816,40.725209,wulateqianqi
1384,W,乌拉特中旗,WLTZQ,108.515255,41.57254,wulatezhongqi
1385,W,乌拉特后旗,WLTHQ,107.074941,41.084307,wulatehouqi
1355,W,翁牛特旗,WNTQ,119.022619,42.937128,wengniuteqi
375,W,瓦房店,WFD,121.97995,39.626438,wafangdian
824,W,汪清,WQ,129.771255,43.312809,wangqing
1505,W,五大连池,WDLC,126.197694,48.512688,wudalianchi
1506,W,望奎,WK,126.484191,46.83352,wangkui
701,W,五常,WC,127.167458,44.931911,wuchang
35,W,无锡,WX,120.31237,31.49099,wuxi
30,W,温州,WZ,120.699387,27.994921,wenzhou
1516,W,文成,WC,120.09245,27.789133,wencheng
1077,W,温岭,WL,121.385986,28.371799,wenling
1103,W,武义,WY,119.816513,28.892599,wuyi
38,W,芜湖,WH,118.433128,31.352461,wuhu
455,W,无为,WW,117.902237,31.303169,wuwei
1527,W,芜湖,WH,118.572301,31.145262,wuhu
463,W,涡阳,WY,116.215813,33.492851,woyang
489,W,望江,WJ,116.694229,30.12442,wangjiang
483,W,五河,WH,117.885292,33.145069,wuhe
1564,W,武夷山,WYS,118.032796,27.751733,wuyishan
1566,W,武平,WP,116.100928,25.08865,wuping
1577,W,武宁,WN,115.105646,29.260182,wuning
1620,W,万年,WN,117.07015,28.692589,wannian
1621,W,婺源,WY,117.86219,29.254015,wuyuan
1603,W,万载,WZ,114.449012,28.104528,wanzai
1599,W,万安,WA,114.784694,26.462085,wanan
34,W,威海,WH,122.121712,37.513481,weihai
964,W,微山,WS,117.12886,34.807178,weishan
983,W,汶上,WS,116.489166,35.732811,wenshang
48,W,潍坊,WF,119.161758,36.70686,weifang
1633,W,五莲,WL,119.206745,35.751936,wulian
990,W,无棣,WD,117.625771,37.769932,wudi
991,W,武城,WC,116.069229,37.213169,wucheng
1647,W,舞钢,WG,113.52625,33.302082,wugang
688,W,卫辉,WH,114.06459,35.398472,weihui
673,W,武陟,WZ,113.40184,35.099522,wuzhi
693,W,温县,WX,113.080566,34.940231,wenxian
654,W,尉氏,WS,114.19297,34.41161,weishi
677,W,舞阳,WY,113.609306,33.437649,wuyang
1683,W,五峰土家族自治县,WFTJZZZX,110.674938,30.199252,wufengtujiazuzizhixian
726,W,武穴,WX,115.561302,29.84433,wuxue
7,W,武汉,WH,114.305252,30.59276,wuhan
788,W,武冈,WG,110.631378,26.726589,wugang
557,W,五华,WH,115.776093,23.932541,wuhua
1736,W,翁源,WY,114.131289,24.353887,wengyuan
546,W,吴川,WC,110.778236,21.44182,wuchuan
1830,W,武宣,WX,109.66287,23.604162,wuxuan
243,W,梧州,WZ,111.279129,23.47703,wuzhou
282,W,文昌,WC,110.797737,19.543289,wenchang
1844,W,五指山,WZS,109.516662,18.776921,wuzhishan
581,W,万宁,WN,110.389748,18.795321,wanning
1132,W,巫山,WS,109.878799,31.074619,wushan
1134,W,巫溪,WX,109.57016,31.3986,wuxi
1867,W,旺苍,WC,106.290426,32.22833,wangcang
1892,W,武胜,WS,106.292473,30.344291,wusheng
1031,W,威远,WY,104.668854,29.52742,weiyuan
1906,W,汶川,WC,103.580675,31.47463,wenchuan
1895,W,万源,WY,108.037548,32.06777,wanyuan
1965,W,务川仡佬族苗族自治县,WCGLZMZZZX,107.887857,28.521567,wuchuangelaozumiaozuzizhixian
1976,W,威宁彝族回族苗族自治县,WNYZHZMZZZX,104.286523,26.859099,weiningyizuhuizumiaozuzizhixian
2014,W,瓮安,WA,107.478417,27.066339,wengan
1991,W,望谟,WM,106.091563,25.166667,wangmo
2079,W,武定,WD,102.406785,25.5301,wuding
2048,W,威信,WX,105.04869,27.843381,weixin
2089,W,文山壮族苗族自治州,WSZZMZZZZ,104.24401,23.36951,wenshanzhuangzumiaozuzizhizhou
293,W,文山,WS,104.233002,23.38678,wenshan
2105,W,巍山彝族回族自治县,WSYZHZZZX,100.30793,25.230909,weishanyizuhuizuzizhixian
2125,W,维西傈僳族自治县,WXLSZZZX,99.286355,27.180948,weixilisuzuzizhixian
306,W,渭南,WN,109.510147,34.499969,weinan
2265,W,吴堡,WB,110.739315,37.451925,wubao
2226,W,武功,WG,108.212857,34.259732,wugong
2243,W,吴起,WQ,108.176976,36.924852,wuqi
523,W,武威,WW,102.63797,37.9282,wuwei
2326,W,渭源,WY,104.211742,35.133023,weiyuan
2332,W,文县,WX,104.682448,32.942171,wenxian
2294,W,武山,WS,104.891696,34.721955,wushan
2397,W,乌兰,WL,98.479852,36.930389,wulan
396,W,吴忠,WZ,106.198792,37.997551,wuzhong
2436,W,温泉,WQ,81.03099,44.973751,wenquan
2439,W,尉犁,WL,86.263412,41.337428,weili
2447,W,温宿,WS,80.243273,41.272995,wensu
2451,W,乌什,WS,79.230805,41.21587,wushi
2458,W,乌恰,WQ,75.25969,39.716633,wuqia
2492,W,乌苏,WS,84.677624,44.430115,wusu
2508,W,五家渠,WJQ,87.526884,44.167401,wujiaqu
236,W,乌鲁木齐,WLMQ,87.616882,43.82663,wulumuqi
2417,W,乌鲁木齐,WLMQ,87.40931,43.47129,wulumuqi
1246,Y,永清,YQ,116.498089,39.319717,yongqing
591,Y,玉田,YT,117.738808,39.900501,yutian
1211,Y,易县,YX,115.501146,39.35297,yixian
1222,Y,蔚县,YX,114.582695,39.837181,yuxian
1223,Y,阳原,YY,114.167343,40.113419,yangyuan
589,Y,永年,YN,114.490952,36.77771,yongnianxian
617,Y,盐山,YS,117.230247,38.0583,yanshan
2010,Y,元氏,YS,114.52618,37.762514,yuanshi
1002,Y,原平,YP,112.710922,38.730511,yuanping
1260,Y,阳曲,YQ,112.673818,38.058797,yangqu
1287,Y,应县,YX,113.187505,39.559187,yingxian
1288,Y,右玉,YY,112.465588,39.988812,youyu
1290,Y,榆社,YS,112.973521,37.069019,yushe
166,Y,运城,YC,111.006989,35.026279,yuncheng
1302,Y,垣曲,YQ,111.67099,35.298293,yuanqu
1004,Y,永济,YJ,110.447731,34.867161,yongji
1318,Y,翼城,YC,111.713508,35.738621,yicheng
1327,Y,永和,YH,110.631276,36.760614,yonghe
1263,Y,阳高,YG,113.749871,40.364927,yanggao
1284,Y,阳城,YC,112.422014,35.482177,yangcheng
995,Y,阳泉,YQ,113.580467,37.856682,yangquan
1271,Y,盂县,YX,113.41223,38.086131,yuxian
1370,Y,伊金霍洛旗,YJHLQ,109.787402,39.604312,yijinhuoluoqi
915,Y,牙克石,YKS,120.711739,49.285629,yakeshi
1430,Y,义县,YX,121.242831,41.537224,yixian
339,Y,营口,YK,122.234901,40.666828,yingkou
805,Y,榆树,YS,126.532997,44.83989,yushu
1445,Y,永吉,YJ,126.501622,43.667416,yongji
167,Y,延边,YBZXZZZZ,129.509094,42.89119,yanbian
356,Y,延吉,YJ,129.509094,42.891071,yanji
1446,Y,伊通满族自治县,YTMZZZX,125.303124,43.345464,yitongmanzuzizhixian
1470,Y,依安,YA,125.307561,47.890098,yian
696,Y,伊春,YC,128.840485,47.72752,yichun
1483,Y,友谊,YY,131.810622,46.775159,youyi
1464,Y,依兰,YL,129.565594,46.315105,yilan
1469,Y,延寿,YS,128.331886,45.455648,yanshou
22,Y,扬州,YZ,119.412689,32.393581,yangzhou
862,Y,仪征,YZ,119.184441,32.27203,yizheng
866,Y,扬中,YZ,119.796822,32.237019,yangzhong
354,Y,宜兴,YX,119.823463,31.34042,yixin
71,Y,盐城,YC,120.161636,33.34951,yancheng
1078,Y,乐清,YQ,120.983383,28.11289,yueqing
1086,Y,永嘉,YJ,120.691711,28.15336,yongjia
1091,Y,玉环,YH,121.231644,28.135889,yuhuan
1092,Y,永康,YK,120.04731,28.88851,yongkang
191,Y,义乌,YW,120.074677,29.30558,yiwu
1524,Y,云和,YH,119.569458,28.111077,yunhe
1079,Y,余姚,YY,121.15435,30.037109,yuyao
1534,Y,岳西,YX,116.360482,30.848502,yuexi
457,Y,颍上,YS,116.264549,32.628929,yingshang
1537,Y,黟县,YX,117.942911,29.923812,yixian
1549,Y,永泰,YT,118.939089,25.864825,yongtai
521,Y,尤溪,YX,118.190491,26.17004,youxi
507,Y,永安,YA,117.365181,25.94138,yongan
506,Y,永春,YC,118.294243,25.32188,yongchun
515,Y,云霄,YX,117.339653,23.958059,yunxiao
384,Y,鹰潭,YT,117.069191,28.260189,yingtan
1585,Y,余江,YJ,116.822763,28.206177,yujiang
891,Y,永修,YX,115.809158,29.020969,yongxiu
1619,Y,弋阳,YY,117.435002,28.402391,yiyang
875,Y,余干,YG,116.695602,28.70211,yugan
878,Y,玉山,YS,118.244812,28.68194,yushan
879,Y,铅山,YS,117.709419,28.31535,yanshan
128,Y,宜春,YC,114.416122,27.81443,yichun
1605,Y,宜丰,YF,114.787381,28.388289,yifeng
877,Y,于都,YD,115.415443,25.951839,yudu
1613,Y,宜黄,YH,116.223023,27.546512,yihuang
1597,Y,永丰,YF,115.435559,27.321087,yongfeng
886,Y,永新,YX,114.243073,26.944981,yongxin
1631,Y,鱼台,YT,116.650023,34.997706,yutai
977,Y,沂源,YY,118.170769,36.184879,yiyuan
930,Y,沂水,YS,118.627823,35.79034,yishui
941,Y,沂南,YN,118.46566,35.550011,yinan
77,Y,烟台,YT,121.448013,37.463531,yantai
958,Y,阳谷,YG,115.791313,36.114471,yanggu
1638,Y,阳信,YX,117.581326,37.640492,yangxin
936,Y,郓城,YC,115.943642,35.599838,yuncheng
992,Y,禹城,YC,116.63813,36.933941,yucheng
657,Y,叶县,YX,113.357368,33.626831,yexian
1654,Y,延津,YJ,114.200982,35.149515,yanjin
692,Y,原阳,YY,113.939972,35.065689,yuanyang
1645,Y,宜阳,YY,112.179989,34.516478,yiyang
640,Y,偃师,YS,112.78965,34.727631,yanshi
678,Y,伊川,YC,112.425682,34.421349,yichuan
624,Y,禹州,YZ,113.487938,34.14048,yuzhou
685,Y,鄢陵,YL,114.177391,34.102329,yanling
623,Y,永城,YC,116.449463,33.92915,yongcheng
645,Y,虞城,YC,115.865189,34.397369,yucheng
1666,Y,义马,YM,111.869417,34.746868,yima
80,Y,宜昌,YC,111.286423,30.69186,yichang
1679,Y,远安,YA,111.64331,31.059626,yuanan
745,Y,宜都,YD,111.450104,30.37846,yidu
727,Y,阳新,YX,115.215302,29.830391,yangxin
1675,Y,郧西,YX,110.426472,32.991457,yunxi
743,Y,郧县,YX,110.811974,32.834881,yunxian
722,Y,应城,YC,113.572922,30.928379,yingcheng
732,Y,云梦,YM,113.753311,31.02103,yunmeng
1687,Y,英山,YS,115.67753,30.735794,yingshan
736,Y,宜城,YC,112.257759,31.719761,yicheng
119,Y,益阳,YY,112.355164,28.553909,yiyang
768,Y,沅江,YJ,112.354683,28.844021,yuanjiang
124,Y,岳阳,YY,113.129189,29.357281,yueyang
1709,Y,岳阳,YY,113.116073,29.144843,yueyang
1701,Y,炎陵,YL,113.776884,26.489459,yanling
763,Y,攸县,YX,113.345688,27.000231,youxian
794,Y,沅陵,YL,110.393883,28.45277,yuanling
176,Y,永州,YZ,111.612251,26.42034,yongzhou
777,Y,宜章,YZ,112.948868,25.39957,yizhang
786,Y,永兴,YX,113.116592,26.127199,yongxing
802,Y,永顺,YS,109.848068,29.00515,yongshun
548,Y,英德,YD,113.415047,24.18572,yingde
1758,Y,阳山,YS,112.634019,24.470286,yangshan
202,Y,阳江,YJ,111.982559,21.85829,yangjiang
556,Y,阳春,YC,111.791527,22.1703,yangchun
1756,Y,阳西,YX,111.617556,21.75367,yangxi
421,Y,云浮,YF,112.044533,22.915251,yunfu
1765,Y,郁南,YN,111.535921,23.237709,yunan
1778,Y,阳朔,YS,110.494699,24.77534,yangshuo
1782,Y,永福,YF,109.989208,24.986692,yongfu
254,Y,玉林,YL,110.180977,22.65451,yulin
1853,Y,酉阳土家族苗族自治县,YYTJZMZZZX,108.767201,28.839828,youyangtujiazumiaozuzizhixian
1121,Y,云阳,YY,108.696983,30.93063,yunyang
1858,Y,盐边,YB,101.851848,26.677619,yanbian
1044,Y,岳池,YC,106.43988,30.537951,yuechi
1862,Y,盐亭,YT,105.391991,31.22318,yanting
1039,Y,营山,YS,106.565529,31.0767,yingshan
1013,Y,仪陇,YL,106.303299,31.269979,yilong
103,Y,宜宾,YB,104.641701,28.751301,yibin
1884,Y,宜宾,YB,104.541489,28.695678,yibin
1889,Y,筠连,YL,104.507848,28.162017,yunlian
1924,Y,雅江,YJ,101.015735,30.03225,yajiang
1940,Y,盐源,YY,101.508909,27.423415,yanyuan
1951,Y,越西,YX,102.508875,28.639632,yuexi
240,Y,雅安,YA,103.039803,30.01543,yaan
1896,Y,荥经,YJ,102.844674,29.795529,yingjing
1968,Y,余庆,YQ,107.892566,27.221552,yuqing
1979,Y,玉屏侗族自治县,YPDZZZX,108.917882,27.238024,yupingdongzuzizhixian
1982,Y,印江土家族苗族自治县,YJTJZMZZZX,108.405517,27.997976,yinjiangtujiazumiaozuzizhixian
1984,Y,沿河土家族自治县,YHTJZZZX,108.495746,28.560487,yanhetujiazuzizhixian
2065,Y,云县,YX,100.125637,24.439026,yunxian
2066,Y,永德,YD,99.253679,24.028159,yongde
1068,Y,宜良,YL,103.14119,24.92005,yiliang
2075,Y,姚安,YA,101.238399,25.505403,yaoan
2077,Y,永仁,YR,101.671175,26.056316,yongren
2078,Y,元谋,YM,101.870837,25.703313,yuanmou
2085,Y,元阳,YY,102.837056,23.219773,yuanyang
292,Y,玉溪,YX,102.5466,24.351931,yuxi
2034,Y,易门,YM,102.16211,24.669598,yimen
2037,Y,元江哈尼族彝族傣族自治县,YJHNZYZDZZZX,101.999658,23.597618,yuanjianghanizuyizudaizuzizhixian
2043,Y,盐津,YJ,104.23506,28.106923,yanjin
2045,Y,永善,YS,103.63732,28.231526,yongshan
2047,Y,彝良,YL,104.048492,27.627425,yiliang
1073,Y,砚山,YS,104.33709,23.60586,yanshan
2101,Y,漾濞彝族自治县,YBYZZZX,99.95797,25.669543,yangbiyizuzizhixian
2106,Y,永平,YP,99.533536,25.461281,yongping
2107,Y,云龙,YL,99.369402,25.884955,yunlong
2115,Y,盈江,YJ,97.93393,24.709541,yingjiang
2050,Y,玉龙纳西族自治县,YLNXZZZX,100.238312,26.830593,yulongnaxizuzizhixian
2051,Y,永胜,YS,100.750901,26.685623,yongsheng
2146,Y,亚东,YD,88.906806,27.482772,yadong
2252,Y,洋县,YX,107.549962,33.223283,yangxian
307,Y,榆林,YL,109.734581,38.285198,yulin
2221,Y,永寿,YS,108.143129,34.692619,yongshou
2207,Y,宜君,YJ,109.118278,35.398766,yijun
242,Y,延安,YA,109.489777,36.585289,yanan
2238,Y,延长,YC,110.012961,36.578306,yanchang
2239,Y,延川,YC,110.190314,36.882066,yanchuan
2247,Y,宜川,YC,110.175537,36.050391,yichuan
2314,Y,玉门,YM,97.037206,40.28682,yumen
2287,Y,永昌,YC,101.971957,38.247354,yongchang
2342,Y,永靖,YJ,103.319871,35.938933,yongjing
2284,Y,永登,YD,103.262203,36.734428,yongdeng
2286,Y,榆中,YZ,104.114975,35.84443,yuzhong
2388,Y,玉树藏族自治州,YSZZZZZ,97.008522,33.004049,yushuzangzuzizhizhou
2389,Y,玉树,YS,97.008522,33.004049,yushu
2407,Y,盐池,YC,107.40541,37.784222,yanchi
194,Y,银川,YC,106.232483,38.486439,yinchuan
2403,Y,永宁,YN,106.253781,38.28043,yongning
2424,Y,伊吾,YW,94.692773,43.252012,yiwu
2442,Y,焉耆回族自治县,YQHZZZX,86.5698,42.064349,yanqihuizuzizhixian
2462,Y,英吉沙,YJS,76.174292,38.929839,yingjisha
2465,Y,叶城,YC,77.420353,37.884679,yecheng
2467,Y,岳普湖,YPH,76.7724,39.235248,yuepuhu
2478,Y,于田,YT,81.667845,36.854628,yutian
2480,Y,伊犁哈萨克自治州,YLHSKZZZ,81.317946,43.92186,yilihasakezizhizhou
335,Y,伊宁,YN,81.277252,43.9095,yining
2482,Y,伊宁,YN,81.524671,43.977876,yining
2496,Y,裕民,YM,82.982157,46.202781,yumin
613,X,香河,XH,117.006447,39.761421,xianghe
1215,X,雄县,XX,116.107474,38.990819,xiongxian
1217,X,宣化,XH,115.03308,40.562211,xuanhua
1231,X,兴隆,XL,117.507098,40.418525,xinglong
1244,X,献县,XX,116.123844,38.189661,xianxian
179,X,邢台,XT,114.504433,37.070549,xingtai
1190,X,邢台,XT,114.561132,37.05073,xingtai
1197,X,新河,XH,115.247537,37.526216,xinhe
598,X,辛集,XJ,115.217918,37.943161,xinji
614,X,新乐,XL,114.683838,38.34338,xinle
1519,X,行唐,XT,114.552734,38.437422,xingtang
263,X,忻州,XZ,112.734177,38.416698,xinzhou
1334,X,兴县,XX,111.124816,38.464136,xingxian
997,X,孝义,XY,111.77903,37.14534,xiaoyi
1293,X,昔阳,XY,113.706166,37.60437,xiyang
1300,X,新绛,XJ,111.225205,35.613697,xinjiang
1303,X,夏县,XX,111.223174,35.140441,xiaxian
1319,X,襄汾,XF,111.442932,35.876139,xiangfen
1324,X,乡宁,XN,110.857365,35.975402,xiangning
1326,X,隰县,XX,110.935809,36.692675,xixian
1273,X,襄垣,XY,113.050094,36.532854,xiangyuan
1397,X,兴安,XAM,122.070317,46.076268,xingan
1403,X,锡林郭勒,XLGL,116.085367,43.938849,xilinguole
1409,X,西乌珠穆沁旗,XWZMQQ,117.615249,44.586147,xiwuzhumuqinqi
1411,X,镶黄旗,XHQ,113.843869,42.239229,xianghuangqi
920,X,锡林浩特,XLHT,116.086082,43.933392,xilinhaote
1390,X,兴和,XH,113.834009,40.872437,xinghe
1376,X,新巴尔虎左旗,XBEHZQ,118.267454,48.216571,xinbaerhuzuoqi
1377,X,新巴尔虎右旗,XBEHYQ,116.825991,48.669134,xinbaerhuyouqi
907,X,新民,XM,122.828003,41.997669,xinmin
1423,X,岫岩满族自治县,XYMZZZX,123.28833,40.281509,xiuyanmanzuzizhixian
1425,X,新宾满族自治县,XBMZZZX,125.037547,41.732456,xinbinmanzuzizhixian
1439,X,西丰,XF,124.72332,42.738091,xifeng
912,X,兴城,XC,120.756187,40.610191,xingcheng
1503,X,逊克,XK,128.476152,49.582974,xunke
29,X,徐州,XZ,117.285767,34.204399,xuzhou
843,X,新沂,XY,118.355476,34.36927,xinyi
863,X,响水,XS,119.578392,34.199188,xiangshui
829,X,兴化,XH,119.852722,32.910412,xinghua
859,X,盱眙,XY,118.544991,33.010891,xuyi
1110,X,仙居,XJ,120.728813,28.84683,xianju
1109,X,新昌,XC,120.903847,29.49983,xinchang
1098,X,象山,XS,121.869324,29.47665,xiangshan
314,X,宣城,XC,118.758659,30.940781,xuancheng
476,X,萧县,XX,116.947243,34.188759,xiaoxian
1536,X,休宁,XN,118.188531,29.788878,xiuning
512,X,霞浦,XP,120.005562,26.88517,xiapu
501,X,仙游,XY,118.691811,25.36215,xianyou
13,X,厦门,XM,118.089478,24.479509,xiamen
883,X,修水,XS,114.546883,29.02533,xiushui
127,X,新余,XY,114.91713,27.81776,xinyu
876,X,信丰,XF,114.922852,25.386169,xinfeng
890,X,兴国,XG,115.363136,26.33779,xingguo
1170,X,寻乌,XW,115.651399,24.954136,xunwu
1595,X,峡江,XJ,115.319331,27.580862,xiajiang
1596,X,新干,XG,115.399294,27.755758,xingan
924,X,新泰,XT,117.767998,35.908779,xintai
984,X,夏津,XJ,116.001747,36.948559,xiajin
655,X,淅川,XC,111.490784,33.138149,xichuan
668,X,新野,XY,112.360062,32.520931,xinye
675,X,西峡,XX,111.472443,33.305599,xixia
625,X,新密,XM,113.390442,34.53952,xinmi
628,X,新郑,XZ,113.741608,34.396049,xinzheng
644,X,荥阳,XY,113.383492,34.787621,xingyang
76,X,新乡,XX,113.92675,35.30323,xinxiang
1652,X,新乡,XX,113.78056,35.187478,xinxiang
686,X,新安,XA,112.132423,34.72818,xinan
1655,X,修武,XW,113.447465,35.229923,xiuwu
198,X,许昌,XC,113.852333,34.035702,xuchang
671,X,襄城,XC,113.506691,33.850719,xiangcheng
627,X,项城,XC,114.875618,33.467232,xiangcheng
661,X,西华,XH,114.529739,33.76754,xihua
234,X,信阳,XY,114.092789,32.147141,xinyang
1670,X,新县,XX,114.87705,31.63515,xinxian
650,X,息县,XX,114.740242,32.342819,xixian
647,X,夏邑,XY,116.129692,34.239288,xiayi
669,X,新蔡,XC,114.98571,32.74926,xincai
676,X,西平,XP,114.021584,33.387798,xiping
689,X,浚县,XX,114.550781,35.67617,xunxian
350,X,仙桃,XT,113.454498,30.362511,xiantao
1680,X,兴山,XS,110.754499,31.34795,xingshan
1694,X,宣恩,XE,109.482819,29.98867,xuanen
1695,X,咸丰,XF,109.15041,29.678967,xianfeng
205,X,孝感,XG,113.916451,30.924829,xiaogan
739,X,孝昌,XC,113.998016,31.25803,xiaochang
725,X,浠水,XS,115.265511,30.451839,xishui
230,X,咸宁,XN,114.322449,29.841261,xianning
241,X,襄阳,XY,112.122551,32.008999,xiangyang
761,X,湘阴,XY,112.909172,28.689251,xiangyin
783,X,溆浦,XP,110.594856,27.90834,xupu
1724,X,新晃侗族自治县,XHDZZZX,109.174443,27.359897,xinhuangdongzuzizhixian
772,X,新化,XH,111.327431,27.726629,xinhua
781,X,新邵,XS,111.459,27.32091,xinshao
795,X,新宁,XN,110.856743,26.43346,xinning
1718,X,新田,XT,112.220341,25.906927,xintian
1728,X,湘西土家族苗族自治州,XXTJZMZZZZ,109.739735,28.314296,xiangxitujiazumiaozuzizhizhou
42,X,湘潭,XT,112.944107,27.82975,xiangtan
780,X,湘乡,XX,112.535042,27.7341,xiangxiang
1702,X,湘潭,XT,112.952829,27.778601,xiangtan
543,X,兴宁,XN,115.731194,24.136499,xingning
1738,X,新丰,XF,114.207034,24.055412,xinfeng
558,X,徐闻,XW,110.175018,20.326521,xuwen
553,X,信宜,XY,110.947098,22.35429,xinyi
1764,X,新兴,XX,112.23083,22.703204,xinxing
1828,X,忻城,XC,108.667361,24.064779,xincheng
1829,X,象州,XZ,109.684555,23.959824,xiangzhou
1781,X,兴安,XA,110.670783,25.609554,xingan
1812,X,西林,XL,105.095025,24.492041,xilin
1802,X,兴业,XY,109.877768,22.74187,xingye
1840,X,西沙群岛,XSQD,113.864571,19.193808,xishaqundao
1852,X,秀山土家族苗族自治县,XSTJZMZZZX,108.996043,28.444772,xiushantujiazumiaozuzizhixian
1879,X,西充,XC,105.893021,30.994616,xichong
1890,X,兴文,XW,105.236549,28.302988,xingwen
1859,X,叙永,XY,105.437775,28.167919,xuyong
1912,X,小金,XJ,102.363193,30.999016,xiaojin
1928,X,新龙,XL,100.312094,30.93896,xinlong
1935,X,乡城,XC,99.799943,28.930855,xiangcheng
296,X,西昌,XC,102.263046,27.894489,xichang
1949,X,喜德,XD,102.412342,28.305486,xide
1019,X,宣汉,XH,107.727097,31.353861,xuanhan
1856,X,新津,XJ,103.812449,30.414284,xinjin
1969,X,习水,XS,106.200954,28.327826,xishui
1956,X,息烽,XF,106.737693,27.092665,xifeng
1957,X,修文,XW,106.599218,26.840672,xiuwen
571,X,兴义,XY,104.895531,25.091921,xingyi
1987,X,兴仁,XR,105.192778,25.431378,xingren
1059,X,宣威,XW,104.104477,26.219891,xuanwei
2027,X,寻甸回族彝族自治县,XDHZYZZZX,103.257588,25.559474,xundianhuizuyizuzizhixian
2036,X,新平彝族傣族自治县,XPYZDZZZX,101.990903,24.0664,xinpingyizudaizuzizhixian
2062,X,西盟佤族自治县,XMWZZZX,99.594372,22.644423,ximengwazuzizhixian
2091,X,西畴,XC,104.675711,23.437439,xichou
2097,X,西双版纳傣族自治州,XSBNDZZZZ,100.797941,22.001724,xishuangbannadaizuzizhizhou
1072,X,祥云,XY,100.550591,25.48381,xiangyun
2123,X,香格里拉,XGLL,99.708667,27.825804,xianggelila
2140,X,谢通门,XTM,88.260517,29.431597,xietongmen
2253,X,西乡,XX,107.765858,32.987961,xixiang
2275,X,旬阳,XY,109.368149,32.833567,xunyang
115,X,咸阳,XY,108.70929,34.329319,xianyang
2224,X,旬邑,XY,108.337231,35.112234,xunyi
2227,X,兴平,XP,108.488493,34.297134,xingping
15,X,西安,XA,108.939842,34.34127,xian
2335,X,西和,XH,105.299737,34.013718,xihe
2355,X,夏河,XH,102.520743,35.200853,xiahe
2364,X,循化撒拉族自治县,XHSLZZZX,102.486534,35.847247,xunhuasalazuzizhixian
2379,X,兴海,XH,99.986963,35.58909,xinghai
233,X,西宁,XN,101.777817,36.61729,xining
2411,X,西吉,XJ,105.731801,35.965384,xiji
2449,X,新和,XH,82.610828,41.551176,xinhe
2486,X,新源,XY,83.258493,43.434249,xinyuan
215,X,香港,XG,114.163826,22.276283,xianggang
1248,Z,枣强,ZQ,115.726499,37.511512,zaoqiang
380,Z,遵化,ZH,117.965668,40.18924,zunhua
370,Z,涿州,ZZ,115.974388,39.485291,zhuozhou
154,Z,张家口,ZJK,114.88755,40.82444,zhangjiakou
1218,Z,张北,ZB,114.715951,41.151713,zhangbei
1227,Z,涿鹿,ZL,115.219246,40.378701,zhuolu
1553,Z,赞皇,ZH,114.387756,37.660199,zanhuang
606,Z,正定,ZD,114.570961,38.146179,zhengding
612,Z,赵县,ZX,114.776161,37.75631,zhaoxian
1340,Z,中阳,ZY,111.193319,37.342054,zhongyang
1291,Z,左权,ZQ,113.377834,37.079672,zuoquan
1268,Z,左云,ZY,112.70641,40.012873,zuoyun
1003,Z,泽州,ZZ,112.943657,35.500431,zezhou
1278,Z,长子,ZZ,112.884656,36.119484,zhangzi
1364,Z,扎鲁特旗,ZLTQ,120.905275,44.555294,zhaluteqi
1401,Z,扎赉特旗,ZLTQ,122.909332,46.725136,zhalaiteqi
1412,Z,正镶白旗,ZXBQ,115.005942,42.307152,zhengxiangbaiqi
1413,Z,正蓝旗,ZLQ,116.003311,42.245895,zhenglanqi
1387,Z,卓资,ZZ,112.577702,40.89576,zhuozi
918,Z,准格尔旗,ZGEQ,111.239868,39.864262,zhungeerqi
1378,Z,扎兰屯,ZLT,122.744401,48.007412,zhalantun
899,Z,庄河,ZH,122.96611,39.68037,zhuanghe
1434,Z,彰武,ZW,122.537444,42.384823,zhangwu
1458,Z,镇赉,ZL,123.202246,45.846089,zhenlai
1486,Z,肇州,ZZ,125.273254,45.708685,zhaozhou
1487,Z,肇源,ZY,125.081974,45.518832,zhaoyuan
700,Z,肇东,ZD,125.962502,46.051208,zhaodong
357,Z,张家港,ZJG,120.555496,31.875469,zhangjiagang
27,Z,镇江,ZJ,119.425003,32.18959,zhenjiang
299,Z,舟山,ZS,122.207779,29.98539,zhoushan
1081,Z,诸暨,ZJ,120.23632,29.71364,zhuji
485,Z,枞阳,ZY,117.220192,30.69961,zongyang
1152,Z,柘荣,ZR,119.900848,27.23513,zherong
1571,Z,周宁,ZN,119.338239,27.103106,zhouning
111,Z,漳州,ZZ,117.647247,24.51347,zhangzhou
503,Z,漳浦,ZP,117.613724,24.1171,zhangpu
508,Z,诏安,ZA,117.175079,23.711519,zhaoan
1145,Z,政和,ZH,118.857536,27.366091,zhenghe
1568,Z,漳平,ZP,117.42073,25.291597,zhangping
893,Z,樟树,ZS,115.54615,28.055889,zhangshu
1615,Z,资溪,ZX,117.066095,27.70653,zixi
927,Z,邹城,ZC,117.003853,35.40522,zoucheng
925,Z,诸城,ZC,119.409828,35.995831,zhucheng
50,Z,淄博,ZB,118.054802,36.813099,zibo
54,Z,枣庄,ZZ,117.32196,34.810711,zaozhuang
965,Z,招远,ZY,120.434212,37.355309,zhaoyuan
939,Z,邹平,ZP,117.743088,36.862991,zouping
637,Z,镇平,ZP,112.234482,33.033909,zhenping
32,Z,郑州,ZZ,113.624931,34.74725,zhengzhou
670,Z,中牟,ZM,113.976242,34.719028,zhongmou
204,Z,周口,ZK,114.696953,33.625832,zhoukou
663,Z,柘城,ZC,115.305443,34.091141,zhecheng
399,Z,驻马店,ZMD,114.022987,33.011421,zhumadian
1162,Z,正阳,ZY,114.392738,32.605659,zhengyang
1681,Z,秭归,ZG,110.976785,30.823908,zigui
731,Z,枝江,ZJ,111.760437,30.425831,zhijiang
715,Z,钟祥,ZX,112.588173,31.167971,zhongxiang
1676,Z,竹山,ZS,110.2296,32.22586,zhushan
1677,Z,竹溪,ZX,109.717196,32.315342,zhuxi
713,Z,枣阳,ZY,112.773979,32.128361,zaoyang
280,Z,张家界,ZJJ,110.478394,29.116671,zhangjiajie
126,Z,株洲,ZZ,113.133957,27.827669,zhuzhou
1700,Z,株洲,ZZ,113.146176,27.705844,zhuzhou
1720,Z,中方,ZF,109.923345,27.336932,zhongfang
1725,Z,芷江侗族自治县,ZJDZZZX,109.687777,27.437996,zhijiangdongzuzizhixian
785,Z,资兴,ZX,113.236008,25.976191,zixing
564,Z,紫金,ZJ,115.183983,23.635321,zijin
26,Z,珠海,ZH,113.576683,22.270729,zhuhai
64,Z,肇庆,ZQ,112.465279,23.0469,zhaoqing
79,Z,湛江,ZJ,110.35894,21.271339,zhanjiang
203,Z,中山,ZS,113.392601,22.515949,zhongshan
1785,Z,资源,ZY,110.642587,26.0342,ziyuan
1814,Z,昭平,ZP,110.810865,24.172958,zhaoping
1815,Z,钟山,ZS,111.303629,24.528566,zhongshan
1842,Z,中沙群岛的岛礁及其海域,ZSQDDDJJQHY,117.740071,15.112856,zhongshaqundaodedaojiaojiqihaiyu
1128,Z,忠县,ZX,108.037666,30.300261,zhongxian
323,Z,资阳,ZY,104.627983,30.12859,ziyang
1864,Z,梓潼,ZT,105.16353,31.635225,zitong
1025,Z,资中,ZZ,104.852119,29.76416,zizhong
105,Z,自贡,ZG,104.778442,29.339199,zigong
1028,Z,中江,ZJ,104.678719,31.033039,zhongjiang
1948,Z,昭觉,ZJ,102.843991,28.010554,zhaojue
379,Z,遵义,ZY,106.92723,27.72545,zunyi
1963,Z,正安,ZA,107.441872,28.550337,zhengan
1973,Z,镇宁布依族苗族自治县,ZNBYZMZZZX,105.768656,26.056096,zhenningbuyizumiaozuzizhixian
1975,Z,紫云苗族布依族自治县,ZYMZBYZZZX,106.084515,25.751567,ziyunmiaozubuyizuzizhixian
574,Z,织金,ZJ,105.774879,26.66301,zhijin
1998,Z,镇远,ZY,108.423656,27.050233,zhenyuan
1990,Z,贞丰,ZF,105.650133,25.385752,zhenfeng
2067,Z,镇康,ZK,99.024817,23.885829,zhenkang
2058,Z,镇沅彝族哈尼族拉祜族自治县,ZYYZHNZLHZZZX,101.108512,24.005712,zhenyuanyizuhanizulahuzuzizhixian
295,Z,昭通,ZT,103.716797,27.338169,zhaotong
1066,Z,镇雄,ZX,104.873596,27.4415,zhenxiong
2145,Z,仲巴,ZB,84.032826,29.768336,zhongba
2159,Z,左贡,ZG,97.840532,29.671335,zuogong
2165,Z,扎囊,ZN,91.338,29.246476,zhanang
2190,Z,札达,ZD,79.803191,31.478587,zhada
2257,Z,镇巴,ZB,107.89531,32.535854,zhenba
2271,Z,紫阳,ZY,108.537788,32.520176,ziyang
2274,Z,镇坪,ZP,109.526437,31.883395,zhenping
2267,Z,子洲,ZZ,110.03457,37.611573,zizhou
2282,Z,镇安,ZA,109.151075,33.423981,zhenan
2283,Z,柞水,ZS,109.111249,33.682773,zuoshui
2240,Z,子长,ZC,109.675968,37.14207,zichang
2242,Z,志丹,ZD,108.768898,36.823031,zhidan
2205,Z,周至,ZZ,108.216465,34.161532,zhouzhi
2308,Z,庄浪,ZL,106.041979,35.203428,zhuanglang
2328,Z,漳县,ZX,104.466756,34.848642,zhangxian
2295,Z,张家川回族自治县,ZJCHZZZX,106.212416,34.993237,zhangjiachuanhuizuzizhixian
2350,Z,卓尼,ZN,103.508508,34.588165,zhuoni
2351,Z,舟曲,ZQ,104.370271,33.782964,zhouqu
2320,Z,正宁,ZN,108.361068,35.490642,zhengning
2322,Z,镇原,ZY,107.195706,35.677806,zhenyuan
342,Z,张掖,ZY,100.449806,38.925919,zhangye
2373,Z,泽库,ZK,101.469343,35.036842,zeku
2390,Z,杂多,ZD,95.293423,32.891886,zaduo
2392,Z,治多,ZD,95.616843,33.852322,zhiduo
1144,Z,中卫,ZW,105.196762,37.500259,zhongwei
2415,Z,中宁,ZN,105.675784,37.489736,zhongning
2463,Z,泽普,ZP,77.273593,38.191217,zepu
2487,Z,昭苏,ZS,81.126029,43.157765,zhaosu
